{
  "aggregator": "gated_attention",
  "completed_fold_count": 5,
  "fold_count": 5,
  "fold_metrics": [
    {
      "best_epoch": 20,
      "early_stopping_monitor": null,
      "epochs_ran": 20,
      "fold": 0,
      "macro_f1": 0.3063973063973064,
      "macro_pr_auc": 0.5853078656204731,
      "macro_recall": 0.22558922558922556,
      "per_code": {
        "blur": {
          "f1": 0.5555555555555556,
          "pr_auc": 0.7028294890523993,
          "recall": 0.45454545454545453,
          "valid_positive_count": 11
        },
        "flash": {
          "f1": 0.36363636363636365,
          "pr_auc": 0.9307164854313978,
          "recall": 0.2222222222222222,
          "valid_positive_count": 18
        },
        "tunnel": {
          "f1": 0.0,
          "pr_auc": 0.12237762237762238,
          "recall": 0.0,
          "valid_positive_count": 2
        }
      },
      "threshold": 0.5,
      "valid_code_count": 3
    },
    {
      "best_epoch": 20,
      "early_stopping_monitor": null,
      "epochs_ran": 20,
      "fold": 1,
      "macro_f1": 0.5237373737373737,
      "macro_pr_auc": 0.570014988971523,
      "macro_recall": 0.6280701754385966,
      "per_code": {
        "blur": {
          "f1": 0.5833333333333334,
          "pr_auc": 0.6329523172905526,
          "recall": 0.7,
          "valid_positive_count": 10
        },
        "flash": {
          "f1": 0.7878787878787878,
          "pr_auc": 0.8895926496240167,
          "recall": 0.6842105263157895,
          "valid_positive_count": 19
        },
        "tunnel": {
          "f1": 0.2,
          "pr_auc": 0.1875,
          "recall": 0.5,
          "valid_positive_count": 2
        }
      },
      "threshold": 0.5,
      "valid_code_count": 3
    },
    {
      "best_epoch": 20,
      "early_stopping_monitor": null,
      "epochs_ran": 20,
      "fold": 2,
      "macro_f1": 0.4681481481481482,
      "macro_pr_auc": 0.7843579109101985,
      "macro_recall": 0.5841750841750842,
      "per_code": {
        "blur": {
          "f1": 0.4444444444444444,
          "pr_auc": 0.7590825840825841,
          "recall": 0.36363636363636365,
          "valid_positive_count": 11
        },
        "flash": {
          "f1": 0.56,
          "pr_auc": 0.9273244819813449,
          "recall": 0.3888888888888889,
          "valid_positive_count": 18
        },
        "tunnel": {
          "f1": 0.4,
          "pr_auc": 0.6666666666666666,
          "recall": 1.0,
          "valid_positive_count": 2
        }
      },
      "threshold": 0.5,
      "valid_code_count": 3
    },
    {
      "best_epoch": 20,
      "early_stopping_monitor": null,
      "epochs_ran": 20,
      "fold": 3,
      "macro_f1": 0.5666666666666667,
      "macro_pr_auc": 0.6696472804100942,
      "macro_recall": 0.6333333333333333,
      "per_code": {
        "blur": {
          "f1": 0.8571428571428571,
          "pr_auc": 0.8897546897546896,
          "recall": 0.9,
          "valid_positive_count": 10
        },
        "flash": {
          "f1": 0.6428571428571429,
          "pr_auc": 0.9358538181422599,
          "recall": 0.5,
          "valid_positive_count": 18
        },
        "tunnel": {
          "f1": 0.2,
          "pr_auc": 0.18333333333333335,
          "recall": 0.5,
          "valid_positive_count": 2
        }
      },
      "threshold": 0.5,
      "valid_code_count": 3
    },
    {
      "best_epoch": 20,
      "early_stopping_monitor": null,
      "epochs_ran": 20,
      "fold": 4,
      "macro_f1": 0.5760132340777502,
      "macro_pr_auc": 0.7092173421120789,
      "macro_recall": 0.6196172248803827,
      "per_code": {
        "blur": {
          "f1": 0.8,
          "pr_auc": 0.9219502719502719,
          "recall": 0.7272727272727273,
          "valid_positive_count": 11
        },
        "flash": {
          "f1": 0.7741935483870968,
          "pr_auc": 0.9973684210526315,
          "recall": 0.631578947368421,
          "valid_positive_count": 19
        },
        "tunnel": {
          "f1": 0.15384615384615385,
          "pr_auc": 0.20833333333333331,
          "recall": 0.5,
          "valid_positive_count": 2
        }
      },
      "threshold": 0.5,
      "valid_code_count": 3
    }
  ],
  "fold_scheme": "weld_independent",
  "mode": "window_mil",
  "run_folds": [
    0,
    1,
    2,
    3,
    4
  ],
  "sample_count": 101
}
runs=1 ok=True
OK /home/user/PROJECT/MMDII/MMDII-Core/outputs/time-frequency-v0-2-1/seed-7-cwt_morl-cnn2d-gated_attention samples=101
{
  "aggregator": "mean",
  "completed_fold_count": 5,
  "fold_count": 5,
  "fold_metrics": [
    {
      "best_epoch": 20,
      "early_stopping_monitor": null,
      "epochs_ran": 20,
      "fold": 0,
      "macro_f1": 0.49096880131362886,
      "macro_pr_auc": 0.6052911041926584,
      "macro_recall": 0.5521885521885522,
      "per_code": {
        "blur": {
          "f1": 0.5714285714285714,
          "pr_auc": 0.7213284487348658,
          "recall": 0.5454545454545454,
          "valid_positive_count": 11
        },
        "flash": {
          "f1": 0.7586206896551724,
          "pr_auc": 0.9824236517218974,
          "recall": 0.6111111111111112,
          "valid_positive_count": 18
        },
        "tunnel": {
          "f1": 0.14285714285714285,
          "pr_auc": 0.11212121212121212,
          "recall": 0.5,
          "valid_positive_count": 2
        }
      },
      "threshold": 0.5,
      "valid_code_count": 3
    },
    {
      "best_epoch": 20,
      "early_stopping_monitor": null,
      "epochs_ran": 20,
      "fold": 1,
      "macro_f1": 0.5682539682539682,
      "macro_pr_auc": 0.6256115710386934,
      "macro_recall": 0.7403508771929825,
      "per_code": {
        "blur": {
          "f1": 0.8,
          "pr_auc": 0.7789087301587301,
          "recall": 0.8,
          "valid_positive_count": 10
        },
        "flash": {
          "f1": 0.5714285714285714,
          "pr_auc": 0.8895926496240167,
          "recall": 0.42105263157894735,
          "valid_positive_count": 19
        },
        "tunnel": {
          "f1": 0.3333333333333333,
          "pr_auc": 0.20833333333333331,
          "recall": 1.0,
          "valid_positive_count": 2
        }
      },
      "threshold": 0.5,
      "valid_code_count": 3
    },
    {
      "best_epoch": 20,
      "early_stopping_monitor": null,
      "epochs_ran": 20,
      "fold": 2,
      "macro_f1": 0.5180246913580246,
      "macro_pr_auc": 0.6878818331110214,
      "macro_recall": 0.5808080808080808,
      "per_code": {
        "blur": {
          "f1": 0.7407407407407407,
          "pr_auc": 0.7389461845344197,
          "recall": 0.9090909090909091,
          "valid_positive_count": 11
        },
        "flash": {
          "f1": 0.48,
          "pr_auc": 0.874699314798644,
          "recall": 0.3333333333333333,
          "valid_positive_count": 18
        },
        "tunnel": {
          "f1": 0.3333333333333333,
          "pr_auc": 0.45,
          "recall": 0.5,
          "valid_positive_count": 2
        }
      },
      "threshold": 0.5,
      "valid_code_count": 3
    },
    {
      "best_epoch": 20,
      "early_stopping_monitor": null,
      "epochs_ran": 20,
      "fold": 3,
      "macro_f1": 0.5092063492063491,
      "macro_pr_auc": 0.6512255786550593,
      "macro_recall": 0.5444444444444444,
      "per_code": {
        "blur": {
          "f1": 0.7619047619047619,
          "pr_auc": 0.7744977244977244,
          "recall": 0.8,
          "valid_positive_count": 10
        },
        "flash": {
          "f1": 0.48,
          "pr_auc": 0.9355892678777097,
          "recall": 0.3333333333333333,
          "valid_positive_count": 18
        },
        "tunnel": {
          "f1": 0.2857142857142857,
          "pr_auc": 0.24358974358974358,
          "recall": 0.5,
          "valid_positive_count": 2
        }
      },
      "threshold": 0.5,
      "valid_code_count": 3
    },
    {
      "best_epoch": 20,
      "early_stopping_monitor": null,
      "epochs_ran": 20,
      "fold": 4,
      "macro_f1": 0.6099163679808841,
      "macro_pr_auc": 0.6355890052206729,
      "macro_recall": 0.6802232854864433,
      "per_code": {
        "blur": {
          "f1": 0.8333333333333334,
          "pr_auc": 0.7558509672146034,
          "recall": 0.9090909090909091,
          "valid_positive_count": 11
        },
        "flash": {
          "f1": 0.7741935483870968,
          "pr_auc": 0.988578386109753,
          "recall": 0.631578947368421,
          "valid_positive_count": 19
        },
        "tunnel": {
          "f1": 0.2222222222222222,
          "pr_auc": 0.16233766233766234,
          "recall": 0.5,
          "valid_positive_count": 2
        }
      },
      "threshold": 0.5,
      "valid_code_count": 3
    }
  ],
  "fold_scheme": "weld_independent",
  "mode": "window_mil",
  "run_folds": [
    0,
    1,
    2,
    3,
    4
  ],
  "sample_count": 101
}
runs=1 ok=True
OK /home/user/PROJECT/MMDII/MMDII-Core/outputs/time-frequency-v0-2-1/seed-7-cwt_morl-separable_cnn2d-mean samples=101
{
  "aggregator": "max",
  "completed_fold_count": 5,
  "fold_count": 5,
  "fold_metrics": [
    {
      "best_epoch": 20,
      "early_stopping_monitor": null,
      "epochs_ran": 20,
      "fold": 0,
      "macro_f1": 0.4054834054834055,
      "macro_pr_auc": 0.6107378028583114,
      "macro_recall": 0.33164983164983164,
      "per_code": {
        "blur": {
          "f1": 0.42857142857142855,
          "pr_auc": 0.7299781323845496,
          "recall": 0.2727272727272727,
          "valid_positive_count": 11
        },
        "flash": {
          "f1": 0.7878787878787878,
          "pr_auc": 0.9022352761903847,
          "recall": 0.7222222222222222,
          "valid_positive_count": 18
        },
        "tunnel": {
          "f1": 0.0,
          "pr_auc": 0.2,
          "recall": 0.0,
          "valid_positive_count": 2
        }
      },
      "threshold": 0.5,
      "valid_code_count": 3
    },
    {
      "best_epoch": 20,
      "early_stopping_monitor": null,
      "epochs_ran": 20,
      "fold": 1,
      "macro_f1": 0.43777777777777777,
      "macro_pr_auc": 0.610273573266485,
      "macro_recall": 0.4385964912280702,
      "per_code": {
        "blur": {
          "f1": 0.5,
          "pr_auc": 0.6854636591478697,
          "recall": 0.5,
          "valid_positive_count": 10
        },
        "flash": {
          "f1": 0.48,
          "pr_auc": 0.9648015050960299,
          "recall": 0.3157894736842105,
          "valid_positive_count": 19
        },
        "tunnel": {
          "f1": 0.3333333333333333,
          "pr_auc": 0.18055555555555555,
          "recall": 0.5,
          "valid_positive_count": 2
        }
      },
      "threshold": 0.5,
      "valid_code_count": 3
    },
    {
      "best_epoch": 20,
      "early_stopping_monitor": null,
      "epochs_ran": 20,
      "fold": 2,
      "macro_f1": 0.6897546897546897,
      "macro_pr_auc": 0.673166763281924,
      "macro_recall": 0.6262626262626263,
      "per_code": {
        "blur": {
          "f1": 0.5454545454545454,
          "pr_auc": 0.48393168032205464,
          "recall": 0.5454545454545454,
          "valid_positive_count": 11
        },
        "flash": {
          "f1": 0.8571428571428571,
          "pr_auc": 0.8355686095237178,
          "recall": 0.8333333333333334,
          "valid_positive_count": 18
        },
        "tunnel": {
          "f1": 0.6666666666666666,
          "pr_auc": 0.7,
          "recall": 0.5,
          "valid_positive_count": 2
        }
      },
      "threshold": 0.5,
      "valid_code_count": 3
    },
    {
      "best_epoch": 20,
      "early_stopping_monitor": null,
      "epochs_ran": 20,
      "fold": 3,
      "macro_f1": 0.4150702426564496,
      "macro_pr_auc": 0.6424854556093806,
      "macro_recall": 0.35185185185185186,
      "per_code": {
        "blur": {
          "f1": 0.5555555555555556,
          "pr_auc": 0.6668704906204905,
          "recall": 0.5,
          "valid_positive_count": 10
        },
        "flash": {
          "f1": 0.6896551724137931,
          "pr_auc": 0.9439192095409847,
          "recall": 0.5555555555555556,
          "valid_positive_count": 18
        },
        "tunnel": {
          "f1": 0.0,
          "pr_auc": 0.31666666666666665,
          "recall": 0.0,
          "valid_positive_count": 2
        }
      },
      "threshold": 0.5,
      "valid_code_count": 3
    },
    {
      "best_epoch": 20,
      "early_stopping_monitor": null,
      "epochs_ran": 20,
      "fold": 4,
      "macro_f1": 0.5629370629370629,
      "macro_pr_auc": 0.6863770816666442,
      "macro_recall": 0.6810207336523125,
      "per_code": {
        "blur": {
          "f1": 0.7272727272727273,
          "pr_auc": 0.820353131716768,
          "recall": 0.7272727272727273,
          "valid_positive_count": 11
        },
        "flash": {
          "f1": 0.46153846153846156,
          "pr_auc": 0.9471114466164978,
          "recall": 0.3157894736842105,
          "valid_positive_count": 19
        },
        "tunnel": {
          "f1": 0.5,
          "pr_auc": 0.29166666666666663,
          "recall": 1.0,
          "valid_positive_count": 2
        }
      },
      "threshold": 0.5,
      "valid_code_count": 3
    }
  ],
  "fold_scheme": "weld_independent",
  "mode": "window_mil",
  "run_folds": [
    0,
    1,
    2,
    3,
    4
  ],
  "sample_count": 101
}
runs=1 ok=True
OK /home/user/PROJECT/MMDII/MMDII-Core/outputs/time-frequency-v0-2-1/seed-7-cwt_morl-separable_cnn2d-max samples=101
{
  "aggregator": "topk_mean",
  "completed_fold_count": 5,
  "fold_count": 5,
  "fold_metrics": [
    {
      "best_epoch": 20,
      "early_stopping_monitor": null,
      "epochs_ran": 20,
      "fold": 0,
      "macro_f1": 0.514069264069264,
      "macro_pr_auc": 0.6554538911502511,
      "macro_recall": 0.6464646464646465,
      "per_code": {
        "blur": {
          "f1": 0.42857142857142855,
          "pr_auc": 0.7863486194825908,
          "recall": 0.2727272727272727,
          "valid_positive_count": 11
        },
        "flash": {
          "f1": 0.75,
          "pr_auc": 0.9022352761903847,
          "recall": 0.6666666666666666,
          "valid_positive_count": 18
        },
        "tunnel": {
          "f1": 0.36363636363636365,
          "pr_auc": 0.2777777777777778,
          "recall": 1.0,
          "valid_positive_count": 2
        }
      },
      "threshold": 0.5,
      "valid_code_count": 3
    },
    {
      "best_epoch": 20,
      "early_stopping_monitor": null,
      "epochs_ran": 20,
      "fold": 1,
      "macro_f1": 0.45751633986928103,
      "macro_pr_auc": 0.6542752441102612,
      "macro_recall": 0.37543859649122807,
      "per_code": {
        "blur": {
          "f1": 0.7058823529411765,
          "pr_auc": 0.8887301587301587,
          "recall": 0.6,
          "valid_positive_count": 10
        },
        "flash": {
          "f1": 0.6666666666666666,
          "pr_auc": 0.9471114466164978,
          "recall": 0.5263157894736842,
          "valid_positive_count": 19
        },
        "tunnel": {
          "f1": 0.0,
          "pr_auc": 0.12698412698412698,
          "recall": 0.0,
          "valid_positive_count": 2
        }
      },
      "threshold": 0.5,
      "valid_code_count": 3
    },
    {
      "best_epoch": 20,
      "early_stopping_monitor": null,
      "epochs_ran": 20,
      "fold": 2,
      "macro_f1": 0.6020799124247399,
      "macro_pr_auc": 0.6745514572104779,
      "macro_recall": 0.6885521885521886,
      "per_code": {
        "blur": {
          "f1": 0.47619047619047616,
          "pr_auc": 0.7411447888509528,
          "recall": 0.45454545454545453,
          "valid_positive_count": 11
        },
        "flash": {
          "f1": 0.7586206896551724,
          "pr_auc": 0.9575095827804807,
          "recall": 0.6111111111111112,
          "valid_positive_count": 18
        },
        "tunnel": {
          "f1": 0.5714285714285714,
          "pr_auc": 0.325,
          "recall": 1.0,
          "valid_positive_count": 2
        }
      },
      "threshold": 0.5,
      "valid_code_count": 3
    },
    {
      "best_epoch": 20,
      "early_stopping_monitor": null,
      "epochs_ran": 20,
      "fold": 3,
      "macro_f1": 0.5419103313840156,
      "macro_pr_auc": 0.7044171845208137,
      "macro_recall": 0.5666666666666667,
      "per_code": {
        "blur": {
          "f1": 0.7368421052631579,
          "pr_auc": 0.8046142746142746,
          "recall": 0.7,
          "valid_positive_count": 10
        },
        "flash": {
          "f1": 0.6666666666666666,
          "pr_auc": 0.9753039456148334,
          "recall": 0.5,
          "valid_positive_count": 18
        },
        "tunnel": {
          "f1": 0.2222222222222222,
          "pr_auc": 0.3333333333333333,
          "recall": 0.5,
          "valid_positive_count": 2
        }
      },
      "threshold": 0.5,
      "valid_code_count": 3
    },
    {
      "best_epoch": 20,
      "early_stopping_monitor": null,
      "epochs_ran": 20,
      "fold": 4,
      "macro_f1": 0.577299880525687,
      "macro_pr_auc": 0.6842688585057894,
      "macro_recall": 0.6626794258373206,
      "per_code": {
        "blur": {
          "f1": 0.8,
          "pr_auc": 0.8427233054027312,
          "recall": 0.9090909090909091,
          "valid_positive_count": 11
        },
        "flash": {
          "f1": 0.7096774193548387,
          "pr_auc": 0.973972159003526,
          "recall": 0.5789473684210527,
          "valid_positive_count": 19
        },
        "tunnel": {
          "f1": 0.2222222222222222,
          "pr_auc": 0.2361111111111111,
          "recall": 0.5,
          "valid_positive_count": 2
        }
      },
      "threshold": 0.5,
      "valid_code_count": 3
    }
  ],
  "fold_scheme": "weld_independent",
  "mode": "window_mil",
  "run_folds": [
    0,
    1,
    2,
    3,
    4
  ],
  "sample_count": 101
}
runs=1 ok=True
OK /home/user/PROJECT/MMDII/MMDII-Core/outputs/time-frequency-v0-2-1/seed-7-cwt_morl-separable_cnn2d-topk_mean samples=101
{
  "aggregator": "gated_attention",
  "completed_fold_count": 5,
  "fold_count": 5,
  "fold_metrics": [
    {
      "best_epoch": 20,
      "early_stopping_monitor": null,
      "epochs_ran": 20,
      "fold": 0,
      "macro_f1": 0.44063492063492066,
      "macro_pr_auc": 0.6353319142126331,
      "macro_recall": 0.372053872053872,
      "per_code": {
        "blur": {
          "f1": 0.7619047619047619,
          "pr_auc": 0.8440825514354926,
          "recall": 0.7272727272727273,
          "valid_positive_count": 11
        },
        "flash": {
          "f1": 0.56,
          "pr_auc": 0.9769458709409691,
          "recall": 0.3888888888888889,
          "valid_positive_count": 18
        },
        "tunnel": {
          "f1": 0.0,
          "pr_auc": 0.08496732026143791,
          "recall": 0.0,
          "valid_positive_count": 2
        }
      },
      "threshold": 0.5,
      "valid_code_count": 3
    },
    {
      "best_epoch": 20,
      "early_stopping_monitor": null,
      "epochs_ran": 20,
      "fold": 1,
      "macro_f1": 0.5523809523809523,
      "macro_pr_auc": 0.6376133241588675,
      "macro_recall": 0.5964912280701754,
      "per_code": {
        "blur": {
          "f1": 0.8,
          "pr_auc": 0.8307034632034631,
          "recall": 1.0,
          "valid_positive_count": 10
        },
        "flash": {
          "f1": 0.8571428571428571,
          "pr_auc": 0.9071365092731394,
          "recall": 0.7894736842105263,
          "valid_positive_count": 19
        },
        "tunnel": {
          "f1": 0.0,
          "pr_auc": 0.175,
          "recall": 0.0,
          "valid_positive_count": 2
        }
      },
      "threshold": 0.5,
      "valid_code_count": 3
    },
    {
      "best_epoch": 20,
      "early_stopping_monitor": null,
      "epochs_ran": 20,
      "fold": 2,
      "macro_f1": 0.4803312629399586,
      "macro_pr_auc": 0.6895934346517968,
      "macro_recall": 0.4511784511784511,
      "per_code": {
        "blur": {
          "f1": 0.8695652173913043,
          "pr_auc": 0.8974681883772793,
          "recall": 0.9090909090909091,
          "valid_positive_count": 11
        },
        "flash": {
          "f1": 0.5714285714285714,
          "pr_auc": 0.8796454489114448,
          "recall": 0.4444444444444444,
          "valid_positive_count": 18
        },
        "tunnel": {
          "f1": 0.0,
          "pr_auc": 0.29166666666666663,
          "recall": 0.0,
          "valid_positive_count": 2
        }
      },
      "threshold": 0.5,
      "valid_code_count": 3
    },
    {
      "best_epoch": 20,
      "early_stopping_monitor": null,
      "epochs_ran": 20,
      "fold": 3,
      "macro_f1": 0.6343550446998723,
      "macro_pr_auc": 0.7196566542619175,
      "macro_recall": 0.7703703703703703,
      "per_code": {
        "blur": {
          "f1": 0.7,
          "pr_auc": 0.8952272727272726,
          "recall": 0.7,
          "valid_positive_count": 10
        },
        "flash": {
          "f1": 0.7586206896551724,
          "pr_auc": 0.997076023391813,
          "recall": 0.6111111111111112,
          "valid_positive_count": 18
        },
        "tunnel": {
          "f1": 0.4444444444444444,
          "pr_auc": 0.26666666666666666,
          "recall": 1.0,
          "valid_positive_count": 2
        }
      },
      "threshold": 0.5,
      "valid_code_count": 3
    },
    {
      "best_epoch": 20,
      "early_stopping_monitor": null,
      "epochs_ran": 20,
      "fold": 4,
      "macro_f1": 0.4871221532091097,
      "macro_pr_auc": 0.6519385918277883,
      "macro_recall": 0.6810207336523125,
      "per_code": {
        "blur": {
          "f1": 0.6956521739130435,
          "pr_auc": 0.8183080808080808,
          "recall": 0.7272727272727273,
          "valid_positive_count": 11
        },
        "flash": {
          "f1": 0.48,
          "pr_auc": 0.9916743613419512,
          "recall": 0.3157894736842105,
          "valid_positive_count": 19
        },
        "tunnel": {
          "f1": 0.2857142857142857,
          "pr_auc": 0.14583333333333331,
          "recall": 1.0,
          "valid_positive_count": 2
        }
      },
      "threshold": 0.5,
      "valid_code_count": 3
    }
  ],
  "fold_scheme": "weld_independent",
  "mode": "window_mil",
  "run_folds": [
    0,
    1,
    2,
    3,
    4
  ],
  "sample_count": 101
}
runs=1 ok=True
OK /home/user/PROJECT/MMDII/MMDII-Core/outputs/time-frequency-v0-2-1/seed-7-cwt_morl-separable_cnn2d-gated_attention samples=101
{
  "aggregator": "mean",
  "completed_fold_count": 5,
  "fold_count": 5,
  "fold_metrics": [
    {
      "best_epoch": 20,
      "early_stopping_monitor": null,
      "epochs_ran": 20,
      "fold": 0,
      "macro_f1": 0.4930555555555555,
      "macro_pr_auc": 0.6399785255367002,
      "macro_recall": 0.45286195286195285,
      "per_code": {
        "blur": {
          "f1": 0.6666666666666666,
          "pr_auc": 0.8057427421063785,
          "recall": 0.6363636363636364,
          "valid_positive_count": 11
        },
        "flash": {
          "f1": 0.8125,
          "pr_auc": 0.9753039456148334,
          "recall": 0.7222222222222222,
          "valid_positive_count": 18
        },
        "tunnel": {
          "f1": 0.0,
          "pr_auc": 0.1388888888888889,
          "recall": 0.0,
          "valid_positive_count": 2
        }
      },
      "threshold": 0.5,
      "valid_code_count": 3
    },
    {
      "best_epoch": 20,
      "early_stopping_monitor": null,
      "epochs_ran": 20,
      "fold": 1,
      "macro_f1": 0.39999999999999997,
      "macro_pr_auc": 0.577943729048096,
      "macro_recall": 0.3087719298245614,
      "per_code": {
        "blur": {
          "f1": 0.5333333333333333,
          "pr_auc": 0.7294096099978452,
          "recall": 0.4,
          "valid_positive_count": 10
        },
        "flash": {
          "f1": 0.6666666666666666,
          "pr_auc": 0.9071365092731394,
          "recall": 0.5263157894736842,
          "valid_positive_count": 19
        },
        "tunnel": {
          "f1": 0.0,
          "pr_auc": 0.09728506787330317,
          "recall": 0.0,
          "valid_positive_count": 2
        }
      },
      "threshold": 0.5,
      "valid_code_count": 3
    },
    {
      "best_epoch": 20,
      "early_stopping_monitor": null,
      "epochs_ran": 20,
      "fold": 2,
      "macro_f1": 0.5308641975308641,
      "macro_pr_auc": 0.6326018804268796,
      "macro_recall": 0.7239057239057239,
      "per_code": {
        "blur": {
          "f1": 0.6666666666666666,
          "pr_auc": 0.7046141024750651,
          "recall": 0.7272727272727273,
          "valid_positive_count": 11
        },
        "flash": {
          "f1": 0.5925925925925926,
          "pr_auc": 0.9015248721389073,
          "recall": 0.4444444444444444,
          "valid_positive_count": 18
        },
        "tunnel": {
          "f1": 0.3333333333333333,
          "pr_auc": 0.29166666666666663,
          "recall": 1.0,
          "valid_positive_count": 2
        }
      },
      "threshold": 0.5,
      "valid_code_count": 3
    },
    {
      "best_epoch": 20,
      "early_stopping_monitor": null,
      "epochs_ran": 20,
      "fold": 3,
      "macro_f1": 0.4741554741554741,
      "macro_pr_auc": 0.6858624668213591,
      "macro_recall": 0.6888888888888888,
      "per_code": {
        "blur": {
          "f1": 0.6923076923076923,
          "pr_auc": 0.8382679738562091,
          "recall": 0.9,
          "valid_positive_count": 10
        },
        "flash": {
          "f1": 0.2857142857142857,
          "pr_auc": 0.9276527599412017,
          "recall": 0.16666666666666666,
          "valid_positive_count": 18
        },
        "tunnel": {
          "f1": 0.4444444444444444,
          "pr_auc": 0.29166666666666663,
          "recall": 1.0,
          "valid_positive_count": 2
        }
      },
      "threshold": 0.5,
      "valid_code_count": 3
    },
    {
      "best_epoch": 20,
      "early_stopping_monitor": null,
      "epochs_ran": 20,
      "fold": 4,
      "macro_f1": 0.5530158730158731,
      "macro_pr_auc": 0.6667577051763135,
      "macro_recall": 0.7687400318979266,
      "per_code": {
        "blur": {
          "f1": 0.64,
          "pr_auc": 0.814154309742545,
          "recall": 0.7272727272727273,
          "valid_positive_count": 11
        },
        "flash": {
          "f1": 0.7333333333333333,
          "pr_auc": 0.9916743613419512,
          "recall": 0.5789473684210527,
          "valid_positive_count": 19
        },
        "tunnel": {
          "f1": 0.2857142857142857,
          "pr_auc": 0.19444444444444442,
          "recall": 1.0,
          "valid_positive_count": 2
        }
      },
      "threshold": 0.5,
      "valid_code_count": 3
    }
  ],
  "fold_scheme": "weld_independent",
  "mode": "window_mil",
  "run_folds": [
    0,
    1,
    2,
    3,
    4
  ],
  "sample_count": 101
}
runs=1 ok=True
OK /home/user/PROJECT/MMDII/MMDII-Core/outputs/time-frequency-v0-2-1/seed-7-cwt_morl-resnet2d_small-mean samples=101
{
  "aggregator": "max",
  "completed_fold_count": 5,
  "fold_count": 5,
  "fold_metrics": [
    {
      "best_epoch": 20,
      "early_stopping_monitor": null,
      "epochs_ran": 20,
      "fold": 0,
      "macro_f1": 0.5883040935672513,
      "macro_pr_auc": 0.6680631369067589,
      "macro_recall": 0.7188552188552189,
      "per_code": {
        "blur": {
          "f1": 0.631578947368421,
          "pr_auc": 0.8052603961694871,
          "recall": 0.5454545454545454,
          "valid_positive_count": 11
        },
        "flash": {
          "f1": 0.7333333333333333,
          "pr_auc": 0.9560718716936469,
          "recall": 0.6111111111111112,
          "valid_positive_count": 18
        },
        "tunnel": {
          "f1": 0.4,
          "pr_auc": 0.24285714285714285,
          "recall": 1.0,
          "valid_positive_count": 2
        }
      },
      "threshold": 0.5,
      "valid_code_count": 3
    },
    {
      "best_epoch": 20,
      "early_stopping_monitor": null,
      "epochs_ran": 20,
      "fold": 1,
      "macro_f1": 0.6127946127946128,
      "macro_pr_auc": 0.6018604558827795,
      "macro_recall": 0.7140350877192981,
      "per_code": {
        "blur": {
          "f1": 0.7272727272727273,
          "pr_auc": 0.7122606478488831,
          "recall": 0.8,
          "valid_positive_count": 10
        },
        "flash": {
          "f1": 0.8888888888888888,
          "pr_auc": 0.9308207197994551,
          "recall": 0.8421052631578947,
          "valid_positive_count": 19
        },
        "tunnel": {
          "f1": 0.2222222222222222,
          "pr_auc": 0.1625,
          "recall": 0.5,
          "valid_positive_count": 2
        }
      },
      "threshold": 0.5,
      "valid_code_count": 3
    },
    {
      "best_epoch": 20,
      "early_stopping_monitor": null,
      "epochs_ran": 20,
      "fold": 2,
      "macro_f1": 0.50599128540305,
      "macro_pr_auc": 0.7233231266364456,
      "macro_recall": 0.5471380471380471,
      "per_code": {
        "blur": {
          "f1": 0.4444444444444444,
          "pr_auc": 0.5962628280810098,
          "recall": 0.36363636363636365,
          "valid_positive_count": 11
        },
        "flash": {
          "f1": 0.8235294117647058,
          "pr_auc": 0.948706551828327,
          "recall": 0.7777777777777778,
          "valid_positive_count": 18
        },
        "tunnel": {
          "f1": 0.25,
          "pr_auc": 0.625,
          "recall": 0.5,
          "valid_positive_count": 2
        }
      },
      "threshold": 0.5,
      "valid_code_count": 3
    },
    {
      "best_epoch": 20,
      "early_stopping_monitor": null,
      "epochs_ran": 20,
      "fold": 3,
      "macro_f1": 0.2877846790890269,
      "macro_pr_auc": 0.6676791121102267,
      "macro_recall": 0.19259259259259257,
      "per_code": {
        "blur": {
          "f1": 0.42857142857142855,
          "pr_auc": 0.71502886002886,
          "recall": 0.3,
          "valid_positive_count": 10
        },
        "flash": {
          "f1": 0.43478260869565216,
          "pr_auc": 0.9546751429684868,
          "recall": 0.2777777777777778,
          "valid_positive_count": 18
        },
        "tunnel": {
          "f1": 0.0,
          "pr_auc": 0.3333333333333333,
          "recall": 0.0,
          "valid_positive_count": 2
        }
      },
      "threshold": 0.5,
      "valid_code_count": 3
    },
    {
      "best_epoch": 20,
      "early_stopping_monitor": null,
      "epochs_ran": 20,
      "fold": 4,
      "macro_f1": 0.5873015873015873,
      "macro_pr_auc": 0.696919132364901,
      "macro_recall": 0.6275917065390749,
      "per_code": {
        "blur": {
          "f1": 0.8333333333333334,
          "pr_auc": 0.9009558919986729,
          "recall": 0.9090909090909091,
          "valid_positive_count": 11
        },
        "flash": {
          "f1": 0.6428571428571429,
          "pr_auc": 0.9648015050960299,
          "recall": 0.47368421052631576,
          "valid_positive_count": 19
        },
        "tunnel": {
          "f1": 0.2857142857142857,
          "pr_auc": 0.225,
          "recall": 0.5,
          "valid_positive_count": 2
        }
      },
      "threshold": 0.5,
      "valid_code_count": 3
    }
  ],
  "fold_scheme": "weld_independent",
  "mode": "window_mil",
  "run_folds": [
    0,
    1,
    2,
    3,
    4
  ],
  "sample_count": 101
}
runs=1 ok=True
OK /home/user/PROJECT/MMDII/MMDII-Core/outputs/time-frequency-v0-2-1/seed-7-cwt_morl-resnet2d_small-max samples=101
{
  "aggregator": "topk_mean",
  "completed_fold_count": 5,
  "fold_count": 5,
  "fold_metrics": [
    {
      "best_epoch": 20,
      "early_stopping_monitor": null,
      "epochs_ran": 20,
      "fold": 0,
      "macro_f1": 0.5679012345679012,
      "macro_pr_auc": 0.6221502908676503,
      "macro_recall": 0.6296296296296297,
      "per_code": {
        "blur": {
          "f1": 0.8148148148148148,
          "pr_auc": 0.820353131716768,
          "recall": 1.0,
          "valid_positive_count": 11
        },
        "flash": {
          "f1": 0.8888888888888888,
          "pr_auc": 0.9173098620983038,
          "recall": 0.8888888888888888,
          "valid_positive_count": 18
        },
        "tunnel": {
          "f1": 0.0,
          "pr_auc": 0.12878787878787878,
          "recall": 0.0,
          "valid_positive_count": 2
        }
      },
      "threshold": 0.5,
      "valid_code_count": 3
    },
    {
      "best_epoch": 20,
      "early_stopping_monitor": null,
      "epochs_ran": 20,
      "fold": 1,
      "macro_f1": 0.46428571428571425,
      "macro_pr_auc": 0.6420083245832797,
      "macro_recall": 0.44035087719298244,
      "per_code": {
        "blur": {
          "f1": 0.5714285714285714,
          "pr_auc": 0.8224598930481283,
          "recall": 0.4,
          "valid_positive_count": 10
        },
        "flash": {
          "f1": 0.5714285714285714,
          "pr_auc": 0.9071365092731394,
          "recall": 0.42105263157894735,
          "valid_positive_count": 19
        },
        "tunnel": {
          "f1": 0.25,
          "pr_auc": 0.19642857142857142,
          "recall": 0.5,
          "valid_positive_count": 2
        }
      },
      "threshold": 0.5,
      "valid_code_count": 3
    },
    {
      "best_epoch": 20,
      "early_stopping_monitor": null,
      "epochs_ran": 20,
      "fold": 2,
      "macro_f1": 0.5952380952380952,
      "macro_pr_auc": 0.6980238030829081,
      "macro_recall": 0.5336700336700336,
      "per_code": {
        "blur": {
          "f1": 0.5714285714285714,
          "pr_auc": 0.7506491280555452,
          "recall": 0.5454545454545454,
          "valid_positive_count": 11
        },
        "flash": {
          "f1": 0.7142857142857143,
          "pr_auc": 0.9684222811931792,
          "recall": 0.5555555555555556,
          "valid_positive_count": 18
        },
        "tunnel": {
          "f1": 0.5,
          "pr_auc": 0.375,
          "recall": 0.5,
          "valid_positive_count": 2
        }
      },
      "threshold": 0.5,
      "valid_code_count": 3
    },
    {
      "best_epoch": 20,
      "early_stopping_monitor": null,
      "epochs_ran": 20,
      "fold": 3,
      "macro_f1": 0.273015873015873,
      "macro_pr_auc": 0.6267152405907995,
      "macro_recall": 0.18888888888888888,
      "per_code": {
        "blur": {
          "f1": 0.5333333333333333,
          "pr_auc": 0.6462098930481284,
          "recall": 0.4,
          "valid_positive_count": 10
        },
        "flash": {
          "f1": 0.2857142857142857,
          "pr_auc": 0.9006024953909371,
          "recall": 0.16666666666666666,
          "valid_positive_count": 18
        },
        "tunnel": {
          "f1": 0.0,
          "pr_auc": 0.3333333333333333,
          "recall": 0.0,
          "valid_positive_count": 2
        }
      },
      "threshold": 0.5,
      "valid_code_count": 3
    },
    {
      "best_epoch": 20,
      "early_stopping_monitor": null,
      "epochs_ran": 20,
      "fold": 4,
      "macro_f1": 0.6823793490460156,
      "macro_pr_auc": 0.9751358552340301,
      "macro_recall": 0.8947368421052632,
      "per_code": {
        "blur": {
          "f1": 0.8148148148148148,
          "pr_auc": 0.9606060606060607,
          "recall": 1.0,
          "valid_positive_count": 11
        },
        "flash": {
          "f1": 0.7878787878787878,
          "pr_auc": 0.9648015050960299,
          "recall": 0.6842105263157895,
          "valid_positive_count": 19
        },
        "tunnel": {
          "f1": 0.4444444444444444,
          "pr_auc": 1.0,
          "recall": 1.0,
          "valid_positive_count": 2
        }
      },
      "threshold": 0.5,
      "valid_code_count": 3
    }
  ],
  "fold_scheme": "weld_independent",
  "mode": "window_mil",
  "run_folds": [
    0,
    1,
    2,
    3,
    4
  ],
  "sample_count": 101
}
runs=1 ok=True
OK /home/user/PROJECT/MMDII/MMDII-Core/outputs/time-frequency-v0-2-1/seed-7-cwt_morl-resnet2d_small-topk_mean samples=101
{
  "aggregator": "gated_attention",
  "completed_fold_count": 5,
  "fold_count": 5,
  "fold_metrics": [
    {
      "best_epoch": 20,
      "early_stopping_monitor": null,
      "epochs_ran": 20,
      "fold": 0,
      "macro_f1": 0.5286195286195287,
      "macro_pr_auc": 0.6496499423572007,
      "macro_recall": 0.6515151515151515,
      "per_code": {
        "blur": {
          "f1": 0.5555555555555556,
          "pr_auc": 0.7691600066600067,
          "recall": 0.45454545454545453,
          "valid_positive_count": 11
        },
        "flash": {
          "f1": 0.6666666666666666,
          "pr_auc": 0.9535993442211192,
          "recall": 0.5,
          "valid_positive_count": 18
        },
        "tunnel": {
          "f1": 0.36363636363636365,
          "pr_auc": 0.22619047619047616,
          "recall": 1.0,
          "valid_positive_count": 2
        }
      },
      "threshold": 0.5,
      "valid_code_count": 3
    },
    {
      "best_epoch": 20,
      "early_stopping_monitor": null,
      "epochs_ran": 20,
      "fold": 1,
      "macro_f1": 0.4905273937532002,
      "macro_pr_auc": 0.5899474714930149,
      "macro_recall": 0.4596491228070176,
      "per_code": {
        "blur": {
          "f1": 0.7619047619047619,
          "pr_auc": 0.7441161616161616,
          "recall": 0.8,
          "valid_positive_count": 10
        },
        "flash": {
          "f1": 0.7096774193548387,
          "pr_auc": 0.9071365092731394,
          "recall": 0.5789473684210527,
          "valid_positive_count": 19
        },
        "tunnel": {
          "f1": 0.0,
          "pr_auc": 0.11858974358974358,
          "recall": 0.0,
          "valid_positive_count": 2
        }
      },
      "threshold": 0.5,
      "valid_code_count": 3
    },
    {
      "best_epoch": 20,
      "early_stopping_monitor": null,
      "epochs_ran": 20,
      "fold": 2,
      "macro_f1": 0.44708994708994715,
      "macro_pr_auc": 0.7380420697206981,
      "macro_recall": 0.48484848484848486,
      "per_code": {
        "blur": {
          "f1": 0.47619047619047616,
          "pr_auc": 0.7090282126167293,
          "recall": 0.45454545454545453,
          "valid_positive_count": 11
        },
        "flash": {
          "f1": 0.6428571428571429,
          "pr_auc": 0.9281749196222882,
          "recall": 0.5,
          "valid_positive_count": 18
        },
        "tunnel": {
          "f1": 0.2222222222222222,
          "pr_auc": 0.5769230769230769,
          "recall": 0.5,
          "valid_positive_count": 2
        }
      },
      "threshold": 0.5,
      "valid_code_count": 3
    },
    {
      "best_epoch": 20,
      "early_stopping_monitor": null,
      "epochs_ran": 20,
      "fold": 3,
      "macro_f1": 0.6262068965517241,
      "macro_pr_auc": 0.6478944634147593,
      "macro_recall": 0.6703703703703704,
      "per_code": {
        "blur": {
          "f1": 0.72,
          "pr_auc": 0.6953860028860028,
          "recall": 0.9,
          "valid_positive_count": 10
        },
        "flash": {
          "f1": 0.7586206896551724,
          "pr_auc": 0.9907216297825174,
          "recall": 0.6111111111111112,
          "valid_positive_count": 18
        },
        "tunnel": {
          "f1": 0.4,
          "pr_auc": 0.25757575757575757,
          "recall": 0.5,
          "valid_positive_count": 2
        }
      },
      "threshold": 0.5,
      "valid_code_count": 3
    },
    {
      "best_epoch": 20,
      "early_stopping_monitor": null,
      "epochs_ran": 20,
      "fold": 4,
      "macro_f1": 0.5991158267020337,
      "macro_pr_auc": 0.6852568727568727,
      "macro_recall": 0.7511961722488039,
      "per_code": {
        "blur": {
          "f1": 0.8,
          "pr_auc": 0.8934329559329559,
          "recall": 0.7272727272727273,
          "valid_positive_count": 11
        },
        "flash": {
          "f1": 0.6896551724137931,
          "pr_auc": 0.9999999999999998,
          "recall": 0.5263157894736842,
          "valid_positive_count": 19
        },
        "tunnel": {
          "f1": 0.3076923076923077,
          "pr_auc": 0.16233766233766234,
          "recall": 1.0,
          "valid_positive_count": 2
        }
      },
      "threshold": 0.5,
      "valid_code_count": 3
    }
  ],
  "fold_scheme": "weld_independent",
  "mode": "window_mil",
  "run_folds": [
    0,
    1,
    2,
    3,
    4
  ],
  "sample_count": 101
}
runs=1 ok=True
OK /home/user/PROJECT/MMDII/MMDII-Core/outputs/time-frequency-v0-2-1/seed-7-cwt_morl-resnet2d_small-gated_attention samples=101
{
  "aggregator": "mean",
  "completed_fold_count": 5,
  "fold_count": 5,
  "fold_metrics": [
    {
      "best_epoch": 20,
      "early_stopping_monitor": null,
      "epochs_ran": 20,
      "fold": 0,
      "macro_f1": 0.4685908319185059,
      "macro_pr_auc": 0.6288617685268013,
      "macro_recall": 0.404040404040404,
      "per_code": {
        "blur": {
          "f1": 0.631578947368421,
          "pr_auc": 0.8143759018759018,
          "recall": 0.5454545454545454,
          "valid_positive_count": 11
        },
        "flash": {
          "f1": 0.7741935483870968,
          "pr_auc": 0.9680427370378353,
          "recall": 0.6666666666666666,
          "valid_positive_count": 18
        },
        "tunnel": {
          "f1": 0.0,
          "pr_auc": 0.10416666666666666,
          "recall": 0.0,
          "valid_positive_count": 2
        }
      },
      "threshold": 0.5,
      "valid_code_count": 3
    },
    {
      "best_epoch": 20,
      "early_stopping_monitor": null,
      "epochs_ran": 20,
      "fold": 1,
      "macro_f1": 0.5526695526695526,
      "macro_pr_auc": 0.5848422940194163,
      "macro_recall": 0.6614035087719299,
      "per_code": {
        "blur": {
          "f1": 0.7272727272727273,
          "pr_auc": 0.7607675657675657,
          "recall": 0.8,
          "valid_positive_count": 10
        },
        "flash": {
          "f1": 0.7878787878787878,
          "pr_auc": 0.8895926496240167,
          "recall": 0.6842105263157895,
          "valid_positive_count": 19
        },
        "tunnel": {
          "f1": 0.14285714285714285,
          "pr_auc": 0.10416666666666666,
          "recall": 0.5,
          "valid_positive_count": 2
        }
      },
      "threshold": 0.5,
      "valid_code_count": 3
    },
    {
      "best_epoch": 20,
      "early_stopping_monitor": null,
      "epochs_ran": 20,
      "fold": 2,
      "macro_f1": 0.4486673072132665,
      "macro_pr_auc": 0.7217516101102351,
      "macro_recall": 0.6397306397306397,
      "per_code": {
        "blur": {
          "f1": 0.42105263157894735,
          "pr_auc": 0.7196573925183551,
          "recall": 0.36363636363636365,
          "valid_positive_count": 11
        },
        "flash": {
          "f1": 0.6896551724137931,
          "pr_auc": 0.9455974378123502,
          "recall": 0.5555555555555556,
          "valid_positive_count": 18
        },
        "tunnel": {
          "f1": 0.23529411764705882,
          "pr_auc": 0.5,
          "recall": 1.0,
          "valid_positive_count": 2
        }
      },
      "threshold": 0.5,
      "valid_code_count": 3
    },
    {
      "best_epoch": 20,
      "early_stopping_monitor": null,
      "epochs_ran": 20,
      "fold": 3,
      "macro_f1": 0.6586744639376217,
      "macro_pr_auc": 0.6393883861586821,
      "macro_recall": 0.8481481481481481,
      "per_code": {
        "blur": {
          "f1": 0.631578947368421,
          "pr_auc": 0.6974908424908425,
          "recall": 0.6,
          "valid_positive_count": 10
        },
        "flash": {
          "f1": 0.9444444444444444,
          "pr_auc": 0.9706743159852036,
          "recall": 0.9444444444444444,
          "valid_positive_count": 18
        },
        "tunnel": {
          "f1": 0.4,
          "pr_auc": 0.25,
          "recall": 1.0,
          "valid_positive_count": 2
        }
      },
      "threshold": 0.5,
      "valid_code_count": 3
    },
    {
      "best_epoch": 20,
      "early_stopping_monitor": null,
      "epochs_ran": 20,
      "fold": 4,
      "macro_f1": 0.5395127748068925,
      "macro_pr_auc": 0.6496166154803407,
      "macro_recall": 0.5637958532695374,
      "per_code": {
        "blur": {
          "f1": 0.5882352941176471,
          "pr_auc": 0.7921323625869079,
          "recall": 0.45454545454545453,
          "valid_positive_count": 11
        },
        "flash": {
          "f1": 0.8484848484848485,
          "pr_auc": 0.9852889124255426,
          "recall": 0.7368421052631579,
          "valid_positive_count": 19
        },
        "tunnel": {
          "f1": 0.18181818181818182,
          "pr_auc": 0.17142857142857143,
          "recall": 0.5,
          "valid_positive_count": 2
        }
      },
      "threshold": 0.5,
      "valid_code_count": 3
    }
  ],
  "fold_scheme": "weld_independent",
  "mode": "window_mil",
  "run_folds": [
    0,
    1,
    2,
    3,
    4
  ],
  "sample_count": 101
}
runs=1 ok=True
OK /home/user/PROJECT/MMDII/MMDII-Core/outputs/time-frequency-v0-2-1/seed-7-cwt_morl-convnext2d_lite-mean samples=101
{
  "aggregator": "max",
  "completed_fold_count": 5,
  "fold_count": 5,
  "fold_metrics": [
    {
      "best_epoch": 20,
      "early_stopping_monitor": null,
      "epochs_ran": 20,
      "fold": 0,
      "macro_f1": 0.48701298701298706,
      "macro_pr_auc": 0.6130692356602777,
      "macro_recall": 0.43939393939393945,
      "per_code": {
        "blur": {
          "f1": 0.8181818181818182,
          "pr_auc": 0.7791040963289767,
          "recall": 0.8181818181818182,
          "valid_positive_count": 11
        },
        "flash": {
          "f1": 0.6428571428571429,
          "pr_auc": 0.951770277318523,
          "recall": 0.5,
          "valid_positive_count": 18
        },
        "tunnel": {
          "f1": 0.0,
          "pr_auc": 0.10833333333333334,
          "recall": 0.0,
          "valid_positive_count": 2
        }
      },
      "threshold": 0.5,
      "valid_code_count": 3
    },
    {
      "best_epoch": 20,
      "early_stopping_monitor": null,
      "epochs_ran": 20,
      "fold": 1,
      "macro_f1": 0.4648148148148148,
      "macro_pr_auc": 0.6616826108519932,
      "macro_recall": 0.5105263157894737,
      "per_code": {
        "blur": {
          "f1": 0.4444444444444444,
          "pr_auc": 0.7042271127565245,
          "recall": 0.4,
          "valid_positive_count": 10
        },
        "flash": {
          "f1": 0.75,
          "pr_auc": 0.9308207197994551,
          "recall": 0.631578947368421,
          "valid_positive_count": 19
        },
        "tunnel": {
          "f1": 0.2,
          "pr_auc": 0.35,
          "recall": 0.5,
          "valid_positive_count": 2
        }
      },
      "threshold": 0.5,
      "valid_code_count": 3
    },
    {
      "best_epoch": 20,
      "early_stopping_monitor": null,
      "epochs_ran": 20,
      "fold": 2,
      "macro_f1": 0.4287301587301588,
      "macro_pr_auc": 0.6450695416690507,
      "macro_recall": 0.4478114478114478,
      "per_code": {
        "blur": {
          "f1": 0.47619047619047616,
          "pr_auc": 0.7492444721054348,
          "recall": 0.45454545454545453,
          "valid_positive_count": 11
        },
        "flash": {
          "f1": 0.56,
          "pr_auc": 0.92838839532596,
          "recall": 0.3888888888888889,
          "valid_positive_count": 18
        },
        "tunnel": {
          "f1": 0.25,
          "pr_auc": 0.25757575757575757,
          "recall": 0.5,
          "valid_positive_count": 2
        }
      },
      "threshold": 0.5,
      "valid_code_count": 3
    },
    {
      "best_epoch": 20,
      "early_stopping_monitor": null,
      "epochs_ran": 20,
      "fold": 3,
      "macro_f1": 0.2686868686868687,
      "macro_pr_auc": 0.6009458959544959,
      "macro_recall": 0.18888888888888888,
      "per_code": {
        "blur": {
          "f1": 0.5333333333333333,
          "pr_auc": 0.6229200404858299,
          "recall": 0.4,
          "valid_positive_count": 10
        },
        "flash": {
          "f1": 0.2727272727272727,
          "pr_auc": 0.9132509807109911,
          "recall": 0.16666666666666666,
          "valid_positive_count": 18
        },
        "tunnel": {
          "f1": 0.0,
          "pr_auc": 0.26666666666666666,
          "recall": 0.0,
          "valid_positive_count": 2
        }
      },
      "threshold": 0.5,
      "valid_code_count": 3
    },
    {
      "best_epoch": 20,
      "early_stopping_monitor": null,
      "epochs_ran": 20,
      "fold": 4,
      "macro_f1": 0.4954674954674955,
      "macro_pr_auc": 0.6592779137780026,
      "macro_recall": 0.6889952153110048,
      "per_code": {
        "blur": {
          "f1": 0.7692307692307693,
          "pr_auc": 0.7663543527179891,
          "recall": 0.9090909090909091,
          "valid_positive_count": 11
        },
        "flash": {
          "f1": 0.2727272727272727,
          "pr_auc": 0.9852889124255426,
          "recall": 0.15789473684210525,
          "valid_positive_count": 19
        },
        "tunnel": {
          "f1": 0.4444444444444444,
          "pr_auc": 0.22619047619047616,
          "recall": 1.0,
          "valid_positive_count": 2
        }
      },
      "threshold": 0.5,
      "valid_code_count": 3
    }
  ],
  "fold_scheme": "weld_independent",
  "mode": "window_mil",
  "run_folds": [
    0,
    1,
    2,
    3,
    4
  ],
  "sample_count": 101
}
runs=1 ok=True
OK /home/user/PROJECT/MMDII/MMDII-Core/outputs/time-frequency-v0-2-1/seed-7-cwt_morl-convnext2d_lite-max samples=101
{
  "aggregator": "topk_mean",
  "completed_fold_count": 5,
  "fold_count": 5,
  "fold_metrics": [
    {
      "best_epoch": 20,
      "early_stopping_monitor": null,
      "epochs_ran": 20,
      "fold": 0,
      "macro_f1": 0.6219211822660098,
      "macro_pr_auc": 0.6821800758974353,
      "macro_recall": 0.7777777777777778,
      "per_code": {
        "blur": {
          "f1": 0.7586206896551724,
          "pr_auc": 0.8081070444706808,
          "recall": 1.0,
          "valid_positive_count": 11
        },
        "flash": {
          "f1": 0.8571428571428571,
          "pr_auc": 0.9289093736978155,
          "recall": 0.8333333333333334,
          "valid_positive_count": 18
        },
        "tunnel": {
          "f1": 0.25,
          "pr_auc": 0.30952380952380953,
          "recall": 0.5,
          "valid_positive_count": 2
        }
      },
      "threshold": 0.5,
      "valid_code_count": 3
    },
    {
      "best_epoch": 20,
      "early_stopping_monitor": null,
      "epochs_ran": 20,
      "fold": 1,
      "macro_f1": 0.46222222222222226,
      "macro_pr_auc": 0.5965896642961983,
      "macro_recall": 0.47543859649122805,
      "per_code": {
        "blur": {
          "f1": 0.72,
          "pr_auc": 0.7422217978100331,
          "recall": 0.9,
          "valid_positive_count": 10
        },
        "flash": {
          "f1": 0.6666666666666666,
          "pr_auc": 0.9395926496240166,
          "recall": 0.5263157894736842,
          "valid_positive_count": 19
        },
        "tunnel": {
          "f1": 0.0,
          "pr_auc": 0.10795454545454546,
          "recall": 0.0,
          "valid_positive_count": 2
        }
      },
      "threshold": 0.5,
      "valid_code_count": 3
    },
    {
      "best_epoch": 20,
      "early_stopping_monitor": null,
      "epochs_ran": 20,
      "fold": 2,
      "macro_f1": 0.3822222222222222,
      "macro_pr_auc": 0.6064930642853837,
      "macro_recall": 0.35353535353535354,
      "per_code": {
        "blur": {
          "f1": 0.6666666666666666,
          "pr_auc": 0.6938766974652142,
          "recall": 0.7272727272727273,
          "valid_positive_count": 11
        },
        "flash": {
          "f1": 0.48,
          "pr_auc": 0.9006024953909372,
          "recall": 0.3333333333333333,
          "valid_positive_count": 18
        },
        "tunnel": {
          "f1": 0.0,
          "pr_auc": 0.225,
          "recall": 0.0,
          "valid_positive_count": 2
        }
      },
      "threshold": 0.5,
      "valid_code_count": 3
    },
    {
      "best_epoch": 20,
      "early_stopping_monitor": null,
      "epochs_ran": 20,
      "fold": 3,
      "macro_f1": 0.5777777777777778,
      "macro_pr_auc": 0.6747408277391939,
      "macro_recall": 0.5333333333333333,
      "per_code": {
        "blur": {
          "f1": 0.6666666666666666,
          "pr_auc": 0.7897008547008547,
          "recall": 0.6,
          "valid_positive_count": 10
        },
        "flash": {
          "f1": 0.6666666666666666,
          "pr_auc": 0.9769458709409691,
          "recall": 0.5,
          "valid_positive_count": 18
        },
        "tunnel": {
          "f1": 0.4,
          "pr_auc": 0.25757575757575757,
          "recall": 0.5,
          "valid_positive_count": 2
        }
      },
      "threshold": 0.5,
      "valid_code_count": 3
    },
    {
      "best_epoch": 20,
      "early_stopping_monitor": null,
      "epochs_ran": 20,
      "fold": 4,
      "macro_f1": 0.5499999999999999,
      "macro_pr_auc": 0.7065691215955262,
      "macro_recall": 0.5717703349282296,
      "per_code": {
        "blur": {
          "f1": 0.6666666666666666,
          "pr_auc": 0.8803514667151031,
          "recall": 0.6363636363636364,
          "valid_positive_count": 11
        },
        "flash": {
          "f1": 0.7333333333333333,
          "pr_auc": 0.981780140495718,
          "recall": 0.5789473684210527,
          "valid_positive_count": 19
        },
        "tunnel": {
          "f1": 0.25,
          "pr_auc": 0.25757575757575757,
          "recall": 0.5,
          "valid_positive_count": 2
        }
      },
      "threshold": 0.5,
      "valid_code_count": 3
    }
  ],
  "fold_scheme": "weld_independent",
  "mode": "window_mil",
  "run_folds": [
    0,
    1,
    2,
    3,
    4
  ],
  "sample_count": 101
}
runs=1 ok=True
OK /home/user/PROJECT/MMDII/MMDII-Core/outputs/time-frequency-v0-2-1/seed-7-cwt_morl-convnext2d_lite-topk_mean samples=101
{
  "aggregator": "gated_attention",
  "completed_fold_count": 5,
  "fold_count": 5,
  "fold_metrics": [
    {
      "best_epoch": 20,
      "early_stopping_monitor": null,
      "epochs_ran": 20,
      "fold": 0,
      "macro_f1": 0.25806451612903225,
      "macro_pr_auc": 0.6131346903595317,
      "macro_recall": 0.2222222222222222,
      "per_code": {
        "blur": {
          "f1": 0.0,
          "pr_auc": 0.7811215299851664,
          "recall": 0.0,
          "valid_positive_count": 11
        },
        "flash": {
          "f1": 0.7741935483870968,
          "pr_auc": 0.9600682553791431,
          "recall": 0.6666666666666666,
          "valid_positive_count": 18
        },
        "tunnel": {
          "f1": 0.0,
          "pr_auc": 0.09821428571428571,
          "recall": 0.0,
          "valid_positive_count": 2
        }
      },
      "threshold": 0.5,
      "valid_code_count": 3
    },
    {
      "best_epoch": 20,
      "early_stopping_monitor": null,
      "epochs_ran": 20,
      "fold": 1,
      "macro_f1": 0.5065203114738718,
      "macro_pr_auc": 0.5042691955206213,
      "macro_recall": 0.6491228070175438,
      "per_code": {
        "blur": {
          "f1": 0.45454545454545453,
          "pr_auc": 0.5135142145436263,
          "recall": 0.5,
          "valid_positive_count": 10
        },
        "flash": {
          "f1": 0.9473684210526315,
          "pr_auc": 0.9071365092731394,
          "recall": 0.9473684210526315,
          "valid_positive_count": 19
        },
        "tunnel": {
          "f1": 0.11764705882352941,
          "pr_auc": 0.09215686274509804,
          "recall": 0.5,
          "valid_positive_count": 2
        }
      },
      "threshold": 0.5,
      "valid_code_count": 3
    },
    {
      "best_epoch": 20,
      "early_stopping_monitor": null,
      "epochs_ran": 20,
      "fold": 2,
      "macro_f1": 0.5681818181818181,
      "macro_pr_auc": 0.5868701108905006,
      "macro_recall": 0.6195286195286195,
      "per_code": {
        "blur": {
          "f1": 0.5833333333333334,
          "pr_auc": 0.6588580611307885,
          "recall": 0.6363636363636364,
          "valid_positive_count": 11
        },
        "flash": {
          "f1": 0.7878787878787878,
          "pr_auc": 0.8767522715407132,
          "recall": 0.7222222222222222,
          "valid_positive_count": 18
        },
        "tunnel": {
          "f1": 0.3333333333333333,
          "pr_auc": 0.225,
          "recall": 0.5,
          "valid_positive_count": 2
        }
      },
      "threshold": 0.5,
      "valid_code_count": 3
    },
    {
      "best_epoch": 20,
      "early_stopping_monitor": null,
      "epochs_ran": 20,
      "fold": 3,
      "macro_f1": 0.526984126984127,
      "macro_pr_auc": 0.6429808782453261,
      "macro_recall": 0.5851851851851851,
      "per_code": {
        "blur": {
          "f1": 0.7,
          "pr_auc": 0.8098809523809524,
          "recall": 0.7,
          "valid_positive_count": 10
        },
        "flash": {
          "f1": 0.7142857142857143,
          "pr_auc": 0.9781525914459352,
          "recall": 0.5555555555555556,
          "valid_positive_count": 18
        },
        "tunnel": {
          "f1": 0.16666666666666666,
          "pr_auc": 0.14090909090909093,
          "recall": 0.5,
          "valid_positive_count": 2
        }
      },
      "threshold": 0.5,
      "valid_code_count": 3
    },
    {
      "best_epoch": 20,
      "early_stopping_monitor": null,
      "epochs_ran": 20,
      "fold": 4,
      "macro_f1": 0.4264957264957265,
      "macro_pr_auc": 0.6685251701544456,
      "macro_recall": 0.6842105263157894,
      "per_code": {
        "blur": {
          "f1": 0.8461538461538461,
          "pr_auc": 0.8013642922733831,
          "recall": 1.0,
          "valid_positive_count": 11
        },
        "flash": {
          "f1": 0.1,
          "pr_auc": 0.9780207419994773,
          "recall": 0.05263157894736842,
          "valid_positive_count": 19
        },
        "tunnel": {
          "f1": 0.3333333333333333,
          "pr_auc": 0.22619047619047616,
          "recall": 1.0,
          "valid_positive_count": 2
        }
      },
      "threshold": 0.5,
      "valid_code_count": 3
    }
  ],
  "fold_scheme": "weld_independent",
  "mode": "window_mil",
  "run_folds": [
    0,
    1,
    2,
    3,
    4
  ],
  "sample_count": 101
}
runs=1 ok=True
OK /home/user/PROJECT/MMDII/MMDII-Core/outputs/time-frequency-v0-2-1/seed-7-cwt_morl-convnext2d_lite-gated_attention samples=101
{
  "aggregator": "mean",
  "completed_fold_count": 5,
  "fold_count": 5,
  "fold_metrics": [
    {
      "best_epoch": 20,
      "early_stopping_monitor": null,
      "epochs_ran": 20,
      "fold": 0,
      "macro_f1": 0.551884896712483,
      "macro_pr_auc": 0.7027425801720607,
      "macro_recall": 0.7424242424242425,
      "per_code": {
        "blur": {
          "f1": 0.7272727272727273,
          "pr_auc": 0.8323773448773448,
          "recall": 0.7272727272727273,
          "valid_positive_count": 11
        },
        "flash": {
          "f1": 0.6206896551724138,
          "pr_auc": 0.9091837289721707,
          "recall": 0.5,
          "valid_positive_count": 18
        },
        "tunnel": {
          "f1": 0.3076923076923077,
          "pr_auc": 0.3666666666666667,
          "recall": 1.0,
          "valid_positive_count": 2
        }
      },
      "threshold": 0.5,
      "valid_code_count": 3
    },
    {
      "best_epoch": 20,
      "early_stopping_monitor": null,
      "epochs_ran": 20,
      "fold": 1,
      "macro_f1": 0.6563329143974305,
      "macro_pr_auc": 0.784268469552403,
      "macro_recall": 0.7105263157894738,
      "per_code": {
        "blur": {
          "f1": 0.9090909090909091,
          "pr_auc": 0.941540404040404,
          "recall": 1.0,
          "valid_positive_count": 10
        },
        "flash": {
          "f1": 0.7741935483870968,
          "pr_auc": 0.9945983379501384,
          "recall": 0.631578947368421,
          "valid_positive_count": 19
        },
        "tunnel": {
          "f1": 0.2857142857142857,
          "pr_auc": 0.41666666666666663,
          "recall": 0.5,
          "valid_positive_count": 2
        }
      },
      "threshold": 0.5,
      "valid_code_count": 3
    },
    {
      "best_epoch": 20,
      "early_stopping_monitor": null,
      "epochs_ran": 20,
      "fold": 2,
      "macro_f1": 0.6051282051282052,
      "macro_pr_auc": 0.8532817486884081,
      "macro_recall": 0.7239057239057239,
      "per_code": {
        "blur": {
          "f1": 0.8,
          "pr_auc": 0.8997769906860817,
          "recall": 0.7272727272727273,
          "valid_positive_count": 11
        },
        "flash": {
          "f1": 0.6153846153846154,
          "pr_auc": 0.960068255379143,
          "recall": 0.4444444444444444,
          "valid_positive_count": 18
        },
        "tunnel": {
          "f1": 0.4,
          "pr_auc": 0.7,
          "recall": 1.0,
          "valid_positive_count": 2
        }
      },
      "threshold": 0.5,
      "valid_code_count": 3
    },
    {
      "best_epoch": 20,
      "early_stopping_monitor": null,
      "epochs_ran": 20,
      "fold": 3,
      "macro_f1": 0.6575757575757576,
      "macro_pr_auc": 0.7115109427609427,
      "macro_recall": 0.8444444444444444,
      "per_code": {
        "blur": {
          "f1": 0.7,
          "pr_auc": 0.7678661616161616,
          "recall": 0.7,
          "valid_positive_count": 10
        },
        "flash": {
          "f1": 0.9090909090909091,
          "pr_auc": 1.0,
          "recall": 0.8333333333333334,
          "valid_positive_count": 18
        },
        "tunnel": {
          "f1": 0.36363636363636365,
          "pr_auc": 0.3666666666666667,
          "recall": 1.0,
          "valid_positive_count": 2
        }
      },
      "threshold": 0.5,
      "valid_code_count": 3
    },
    {
      "best_epoch": 20,
      "early_stopping_monitor": null,
      "epochs_ran": 20,
      "fold": 4,
      "macro_f1": 0.6175213675213674,
      "macro_pr_auc": 0.8335691826513149,
      "macro_recall": 0.84688995215311,
      "per_code": {
        "blur": {
          "f1": 0.7692307692307693,
          "pr_auc": 0.8803504873023591,
          "recall": 0.9090909090909091,
          "valid_positive_count": 11
        },
        "flash": {
          "f1": 0.75,
          "pr_auc": 0.9536903939849188,
          "recall": 0.631578947368421,
          "valid_positive_count": 19
        },
        "tunnel": {
          "f1": 0.3333333333333333,
          "pr_auc": 0.6666666666666666,
          "recall": 1.0,
          "valid_positive_count": 2
        }
      },
      "threshold": 0.5,
      "valid_code_count": 3
    }
  ],
  "fold_scheme": "weld_independent",
  "mode": "window_mil",
  "run_folds": [
    0,
    1,
    2,
    3,
    4
  ],
  "sample_count": 101
}
runs=1 ok=True
OK /home/user/PROJECT/MMDII/MMDII-Core/outputs/time-frequency-v0-2-1/seed-7-dwt_swt_db4-cnn2d-mean samples=101
{
  "aggregator": "max",
  "completed_fold_count": 5,
  "fold_count": 5,
  "fold_metrics": [
    {
      "best_epoch": 20,
      "early_stopping_monitor": null,
      "epochs_ran": 20,
      "fold": 0,
      "macro_f1": 0.48503611971104227,
      "macro_pr_auc": 0.6289411477847698,
      "macro_recall": 0.441077441077441,
      "per_code": {
        "blur": {
          "f1": 0.631578947368421,
          "pr_auc": 0.8256233665324575,
          "recall": 0.5454545454545454,
          "valid_positive_count": 11
        },
        "flash": {
          "f1": 0.8235294117647058,
          "pr_auc": 0.9560718716936469,
          "recall": 0.7777777777777778,
          "valid_positive_count": 18
        },
        "tunnel": {
          "f1": 0.0,
          "pr_auc": 0.10512820512820513,
          "recall": 0.0,
          "valid_positive_count": 2
        }
      },
      "threshold": 0.5,
      "valid_code_count": 3
    },
    {
      "best_epoch": 20,
      "early_stopping_monitor": null,
      "epochs_ran": 20,
      "fold": 1,
      "macro_f1": 0.4807692307692308,
      "macro_pr_auc": 0.6057194796992336,
      "macro_recall": 0.5105263157894737,
      "per_code": {
        "blur": {
          "f1": 0.6923076923076923,
          "pr_auc": 0.8012499999999999,
          "recall": 0.9,
          "valid_positive_count": 10
        },
        "flash": {
          "f1": 0.75,
          "pr_auc": 0.9395926496240166,
          "recall": 0.631578947368421,
          "valid_positive_count": 19
        },
        "tunnel": {
          "f1": 0.0,
          "pr_auc": 0.07631578947368421,
          "recall": 0.0,
          "valid_positive_count": 2
        }
      },
      "threshold": 0.5,
      "valid_code_count": 3
    },
    {
      "best_epoch": 20,
      "early_stopping_monitor": null,
      "epochs_ran": 20,
      "fold": 2,
      "macro_f1": 0.5353535353535354,
      "macro_pr_auc": 0.599961279916013,
      "macro_recall": 0.5134680134680135,
      "per_code": {
        "blur": {
          "f1": 0.8181818181818182,
          "pr_auc": 0.8385215794306704,
          "recall": 0.8181818181818182,
          "valid_positive_count": 11
        },
        "flash": {
          "f1": 0.7878787878787878,
          "pr_auc": 0.8700924190475274,
          "recall": 0.7222222222222222,
          "valid_positive_count": 18
        },
        "tunnel": {
          "f1": 0.0,
          "pr_auc": 0.09126984126984126,
          "recall": 0.0,
          "valid_positive_count": 2
        }
      },
      "threshold": 0.5,
      "valid_code_count": 3
    },
    {
      "best_epoch": 20,
      "early_stopping_monitor": null,
      "epochs_ran": 20,
      "fold": 3,
      "macro_f1": 0.6298850574712643,
      "macro_pr_auc": 0.8299195260173072,
      "macro_recall": 0.5851851851851851,
      "per_code": {
        "blur": {
          "f1": 0.7,
          "pr_auc": 0.8350033738191632,
          "recall": 0.7,
          "valid_positive_count": 10
        },
        "flash": {
          "f1": 0.6896551724137931,
          "pr_auc": 0.9047552042327585,
          "recall": 0.5555555555555556,
          "valid_positive_count": 18
        },
        "tunnel": {
          "f1": 0.5,
          "pr_auc": 0.75,
          "recall": 0.5,
          "valid_positive_count": 2
        }
      },
      "threshold": 0.5,
      "valid_code_count": 3
    },
    {
      "best_epoch": 20,
      "early_stopping_monitor": null,
      "epochs_ran": 20,
      "fold": 4,
      "macro_f1": 0.39655172413793105,
      "macro_pr_auc": 0.6035648336630085,
      "macro_recall": 0.32695374800637955,
      "per_code": {
        "blur": {
          "f1": 0.5,
          "pr_auc": 0.6826737589895485,
          "recall": 0.45454545454545453,
          "valid_positive_count": 11
        },
        "flash": {
          "f1": 0.6896551724137931,
          "pr_auc": 0.9780207419994773,
          "recall": 0.5263157894736842,
          "valid_positive_count": 19
        },
        "tunnel": {
          "f1": 0.0,
          "pr_auc": 0.15,
          "recall": 0.0,
          "valid_positive_count": 2
        }
      },
      "threshold": 0.5,
      "valid_code_count": 3
    }
  ],
  "fold_scheme": "weld_independent",
  "mode": "window_mil",
  "run_folds": [
    0,
    1,
    2,
    3,
    4
  ],
  "sample_count": 101
}
runs=1 ok=True
OK /home/user/PROJECT/MMDII/MMDII-Core/outputs/time-frequency-v0-2-1/seed-7-dwt_swt_db4-cnn2d-max samples=101
{
  "aggregator": "topk_mean",
  "completed_fold_count": 5,
  "fold_count": 5,
  "fold_metrics": [
    {
      "best_epoch": 20,
      "early_stopping_monitor": null,
      "epochs_ran": 20,
      "fold": 0,
      "macro_f1": 0.4916666666666667,
      "macro_pr_auc": 0.6170249635201007,
      "macro_recall": 0.441077441077441,
      "per_code": {
        "blur": {
          "f1": 0.6,
          "pr_auc": 0.7974094087730452,
          "recall": 0.5454545454545454,
          "valid_positive_count": 11
        },
        "flash": {
          "f1": 0.875,
          "pr_auc": 0.9758877040094791,
          "recall": 0.7777777777777778,
          "valid_positive_count": 18
        },
        "tunnel": {
          "f1": 0.0,
          "pr_auc": 0.07777777777777778,
          "recall": 0.0,
          "valid_positive_count": 2
        }
      },
      "threshold": 0.5,
      "valid_code_count": 3
    },
    {
      "best_epoch": 20,
      "early_stopping_monitor": null,
      "epochs_ran": 20,
      "fold": 1,
      "macro_f1": 0.37222222222222223,
      "macro_pr_auc": 0.5807901424672647,
      "macro_recall": 0.3210526315789473,
      "per_code": {
        "blur": {
          "f1": 0.7,
          "pr_auc": 0.7223684210526314,
          "recall": 0.7,
          "valid_positive_count": 10
        },
        "flash": {
          "f1": 0.4166666666666667,
          "pr_auc": 0.9395926496240166,
          "recall": 0.2631578947368421,
          "valid_positive_count": 19
        },
        "tunnel": {
          "f1": 0.0,
          "pr_auc": 0.0804093567251462,
          "recall": 0.0,
          "valid_positive_count": 2
        }
      },
      "threshold": 0.5,
      "valid_code_count": 3
    },
    {
      "best_epoch": 20,
      "early_stopping_monitor": null,
      "epochs_ran": 20,
      "fold": 2,
      "macro_f1": 0.5540194572452637,
      "macro_pr_auc": 0.672565847656147,
      "macro_recall": 0.5521885521885522,
      "per_code": {
        "blur": {
          "f1": 0.6666666666666666,
          "pr_auc": 0.8472222222222223,
          "recall": 0.5454545454545454,
          "valid_positive_count": 11
        },
        "flash": {
          "f1": 0.7096774193548387,
          "pr_auc": 0.8579753207462186,
          "recall": 0.6111111111111112,
          "valid_positive_count": 18
        },
        "tunnel": {
          "f1": 0.2857142857142857,
          "pr_auc": 0.3125,
          "recall": 0.5,
          "valid_positive_count": 2
        }
      },
      "threshold": 0.5,
      "valid_code_count": 3
    },
    {
      "best_epoch": 20,
      "early_stopping_monitor": null,
      "epochs_ran": 20,
      "fold": 3,
      "macro_f1": 0.543859649122807,
      "macro_pr_auc": 0.7178397496100456,
      "macro_recall": 0.4777777777777778,
      "per_code": {
        "blur": {
          "f1": 0.631578947368421,
          "pr_auc": 0.7162698412698412,
          "recall": 0.6,
          "valid_positive_count": 10
        },
        "flash": {
          "f1": 0.5,
          "pr_auc": 0.9872494075602952,
          "recall": 0.3333333333333333,
          "valid_positive_count": 18
        },
        "tunnel": {
          "f1": 0.5,
          "pr_auc": 0.45,
          "recall": 0.5,
          "valid_positive_count": 2
        }
      },
      "threshold": 0.5,
      "valid_code_count": 3
    },
    {
      "best_epoch": 20,
      "early_stopping_monitor": null,
      "epochs_ran": 20,
      "fold": 4,
      "macro_f1": 0.4582668793195109,
      "macro_pr_auc": 0.6398441626879048,
      "macro_recall": 0.3971291866028708,
      "per_code": {
        "blur": {
          "f1": 0.5263157894736842,
          "pr_auc": 0.8199035812672177,
          "recall": 0.45454545454545453,
          "valid_positive_count": 11
        },
        "flash": {
          "f1": 0.8484848484848485,
          "pr_auc": 0.9916743613419512,
          "recall": 0.7368421052631579,
          "valid_positive_count": 19
        },
        "tunnel": {
          "f1": 0.0,
          "pr_auc": 0.10795454545454546,
          "recall": 0.0,
          "valid_positive_count": 2
        }
      },
      "threshold": 0.5,
      "valid_code_count": 3
    }
  ],
  "fold_scheme": "weld_independent",
  "mode": "window_mil",
  "run_folds": [
    0,
    1,
    2,
    3,
    4
  ],
  "sample_count": 101
}
runs=1 ok=True
OK /home/user/PROJECT/MMDII/MMDII-Core/outputs/time-frequency-v0-2-1/seed-7-dwt_swt_db4-cnn2d-topk_mean samples=101
{
  "aggregator": "gated_attention",
  "completed_fold_count": 5,
  "fold_count": 5,
  "fold_metrics": [
    {
      "best_epoch": 20,
      "early_stopping_monitor": null,
      "epochs_ran": 20,
      "fold": 0,
      "macro_f1": 0.5017921146953405,
      "macro_pr_auc": 0.6760588716961657,
      "macro_recall": 0.45286195286195285,
      "per_code": {
        "blur": {
          "f1": 0.6666666666666666,
          "pr_auc": 0.9120197983834348,
          "recall": 0.6363636363636364,
          "valid_positive_count": 11
        },
        "flash": {
          "f1": 0.8387096774193549,
          "pr_auc": 0.9752477257959715,
          "recall": 0.7222222222222222,
          "valid_positive_count": 18
        },
        "tunnel": {
          "f1": 0.0,
          "pr_auc": 0.14090909090909093,
          "recall": 0.0,
          "valid_positive_count": 2
        }
      },
      "threshold": 0.5,
      "valid_code_count": 3
    },
    {
      "best_epoch": 20,
      "early_stopping_monitor": null,
      "epochs_ran": 20,
      "fold": 1,
      "macro_f1": 0.5978504254366324,
      "macro_pr_auc": 0.6553415103415102,
      "macro_recall": 0.6421052631578947,
      "per_code": {
        "blur": {
          "f1": 0.8181818181818182,
          "pr_auc": 0.7603227766385661,
          "recall": 0.9,
          "valid_positive_count": 10
        },
        "flash": {
          "f1": 0.6896551724137931,
          "pr_auc": 0.9973684210526315,
          "recall": 0.5263157894736842,
          "valid_positive_count": 19
        },
        "tunnel": {
          "f1": 0.2857142857142857,
          "pr_auc": 0.20833333333333331,
          "recall": 0.5,
          "valid_positive_count": 2
        }
      },
      "threshold": 0.5,
      "valid_code_count": 3
    },
    {
      "best_epoch": 20,
      "early_stopping_monitor": null,
      "epochs_ran": 20,
      "fold": 2,
      "macro_f1": 0.467032967032967,
      "macro_pr_auc": 0.7869547944836434,
      "macro_recall": 0.436026936026936,
      "per_code": {
        "blur": {
          "f1": 0.5,
          "pr_auc": 0.7521342247207713,
          "recall": 0.36363636363636365,
          "valid_positive_count": 11
        },
        "flash": {
          "f1": 0.6153846153846154,
          "pr_auc": 0.9837301587301588,
          "recall": 0.4444444444444444,
          "valid_positive_count": 18
        },
        "tunnel": {
          "f1": 0.2857142857142857,
          "pr_auc": 0.625,
          "recall": 0.5,
          "valid_positive_count": 2
        }
      },
      "threshold": 0.5,
      "valid_code_count": 3
    },
    {
      "best_epoch": 20,
      "early_stopping_monitor": null,
      "epochs_ran": 20,
      "fold": 3,
      "macro_f1": 0.5459803354540197,
      "macro_pr_auc": 0.7663810085460412,
      "macro_recall": 0.5481481481481482,
      "per_code": {
        "blur": {
          "f1": 0.7368421052631579,
          "pr_auc": 0.7061002886002885,
          "recall": 0.7,
          "valid_positive_count": 10
        },
        "flash": {
          "f1": 0.6153846153846154,
          "pr_auc": 0.9680427370378353,
          "recall": 0.4444444444444444,
          "valid_positive_count": 18
        },
        "tunnel": {
          "f1": 0.2857142857142857,
          "pr_auc": 0.625,
          "recall": 0.5,
          "valid_positive_count": 2
        }
      },
      "threshold": 0.5,
      "valid_code_count": 3
    },
    {
      "best_epoch": 20,
      "early_stopping_monitor": null,
      "epochs_ran": 20,
      "fold": 4,
      "macro_f1": 0.6414141414141414,
      "macro_pr_auc": 0.8224290192736058,
      "macro_recall": 0.7735247208931421,
      "per_code": {
        "blur": {
          "f1": 0.6363636363636364,
          "pr_auc": 0.7355069173250992,
          "recall": 0.6363636363636364,
          "valid_positive_count": 11
        },
        "flash": {
          "f1": 0.7878787878787878,
          "pr_auc": 0.981780140495718,
          "recall": 0.6842105263157895,
          "valid_positive_count": 19
        },
        "tunnel": {
          "f1": 0.5,
          "pr_auc": 0.75,
          "recall": 1.0,
          "valid_positive_count": 2
        }
      },
      "threshold": 0.5,
      "valid_code_count": 3
    }
  ],
  "fold_scheme": "weld_independent",
  "mode": "window_mil",
  "run_folds": [
    0,
    1,
    2,
    3,
    4
  ],
  "sample_count": 101
}
runs=1 ok=True
OK /home/user/PROJECT/MMDII/MMDII-Core/outputs/time-frequency-v0-2-1/seed-7-dwt_swt_db4-cnn2d-gated_attention samples=101
{
  "aggregator": "mean",
  "completed_fold_count": 5,
  "fold_count": 5,
  "fold_metrics": [
    {
      "best_epoch": 20,
      "early_stopping_monitor": null,
      "epochs_ran": 20,
      "fold": 0,
      "macro_f1": 0.5219155844155844,
      "macro_pr_auc": 0.630581137723576,
      "macro_recall": 0.5892255892255892,
      "per_code": {
        "blur": {
          "f1": 0.5714285714285714,
          "pr_auc": 0.7753679335019048,
          "recall": 0.5454545454545454,
          "valid_positive_count": 11
        },
        "flash": {
          "f1": 0.8125,
          "pr_auc": 0.969910833204177,
          "recall": 0.7222222222222222,
          "valid_positive_count": 18
        },
        "tunnel": {
          "f1": 0.18181818181818182,
          "pr_auc": 0.14646464646464646,
          "recall": 0.5,
          "valid_positive_count": 2
        }
      },
      "threshold": 0.5,
      "valid_code_count": 3
    },
    {
      "best_epoch": 20,
      "early_stopping_monitor": null,
      "epochs_ran": 20,
      "fold": 1,
      "macro_f1": 0.6444281524926686,
      "macro_pr_auc": 0.7497578875418212,
      "macro_recall": 0.7105263157894738,
      "per_code": {
        "blur": {
          "f1": 0.9090909090909091,
          "pr_auc": 0.9451515151515152,
          "recall": 1.0,
          "valid_positive_count": 10
        },
        "flash": {
          "f1": 0.7741935483870968,
          "pr_auc": 0.9945983379501384,
          "recall": 0.631578947368421,
          "valid_positive_count": 19
        },
        "tunnel": {
          "f1": 0.25,
          "pr_auc": 0.30952380952380953,
          "recall": 0.5,
          "valid_positive_count": 2
        }
      },
      "threshold": 0.5,
      "valid_code_count": 3
    },
    {
      "best_epoch": 20,
      "early_stopping_monitor": null,
      "epochs_ran": 20,
      "fold": 2,
      "macro_f1": 0.35047619047619044,
      "macro_pr_auc": 0.5963490711469727,
      "macro_recall": 0.2929292929292929,
      "per_code": {
        "blur": {
          "f1": 0.5714285714285714,
          "pr_auc": 0.7640806561859194,
          "recall": 0.5454545454545454,
          "valid_positive_count": 11
        },
        "flash": {
          "f1": 0.48,
          "pr_auc": 0.8791332239216656,
          "recall": 0.3333333333333333,
          "valid_positive_count": 18
        },
        "tunnel": {
          "f1": 0.0,
          "pr_auc": 0.14583333333333331,
          "recall": 0.0,
          "valid_positive_count": 2
        }
      },
      "threshold": 0.5,
      "valid_code_count": 3
    },
    {
      "best_epoch": 20,
      "early_stopping_monitor": null,
      "epochs_ran": 20,
      "fold": 3,
      "macro_f1": 0.5858974358974359,
      "macro_pr_auc": 0.604715843534213,
      "macro_recall": 0.7888888888888889,
      "per_code": {
        "blur": {
          "f1": 0.7,
          "pr_auc": 0.8327455877455877,
          "recall": 0.7,
          "valid_positive_count": 10
        },
        "flash": {
          "f1": 0.75,
          "pr_auc": 0.8077908317459402,
          "recall": 0.6666666666666666,
          "valid_positive_count": 18
        },
        "tunnel": {
          "f1": 0.3076923076923077,
          "pr_auc": 0.1736111111111111,
          "recall": 1.0,
          "valid_positive_count": 2
        }
      },
      "threshold": 0.5,
      "valid_code_count": 3
    },
    {
      "best_epoch": 20,
      "early_stopping_monitor": null,
      "epochs_ran": 20,
      "fold": 4,
      "macro_f1": 0.6280070546737213,
      "macro_pr_auc": 0.7692179896127264,
      "macro_recall": 0.7464114832535885,
      "per_code": {
        "blur": {
          "f1": 0.72,
          "pr_auc": 0.8102855477855477,
          "recall": 0.8181818181818182,
          "valid_positive_count": 11
        },
        "flash": {
          "f1": 0.5925925925925926,
          "pr_auc": 0.9973684210526315,
          "recall": 0.42105263157894735,
          "valid_positive_count": 19
        },
        "tunnel": {
          "f1": 0.5714285714285714,
          "pr_auc": 0.5,
          "recall": 1.0,
          "valid_positive_count": 2
        }
      },
      "threshold": 0.5,
      "valid_code_count": 3
    }
  ],
  "fold_scheme": "weld_independent",
  "mode": "window_mil",
  "run_folds": [
    0,
    1,
    2,
    3,
    4
  ],
  "sample_count": 101
}
runs=1 ok=True
OK /home/user/PROJECT/MMDII/MMDII-Core/outputs/time-frequency-v0-2-1/seed-7-dwt_swt_db4-separable_cnn2d-mean samples=101
{
  "aggregator": "max",
  "completed_fold_count": 5,
  "fold_count": 5,
  "fold_metrics": [
    {
      "best_epoch": 20,
      "early_stopping_monitor": null,
      "epochs_ran": 20,
      "fold": 0,
      "macro_f1": 0.550756200846945,
      "macro_pr_auc": 0.7777236924006478,
      "macro_recall": 0.6818181818181818,
      "per_code": {
        "blur": {
          "f1": 0.631578947368421,
          "pr_auc": 0.8195821854912764,
          "recall": 0.5454545454545454,
          "valid_positive_count": 11
        },
        "flash": {
          "f1": 0.6206896551724138,
          "pr_auc": 0.846922225044,
          "recall": 0.5,
          "valid_positive_count": 18
        },
        "tunnel": {
          "f1": 0.4,
          "pr_auc": 0.6666666666666666,
          "recall": 1.0,
          "valid_positive_count": 2
        }
      },
      "threshold": 0.5,
      "valid_code_count": 3
    },
    {
      "best_epoch": 20,
      "early_stopping_monitor": null,
      "epochs_ran": 20,
      "fold": 1,
      "macro_f1": 0.4407017543859649,
      "macro_pr_auc": 0.6156512219336073,
      "macro_recall": 0.3719298245614035,
      "per_code": {
        "blur": {
          "f1": 0.8421052631578947,
          "pr_auc": 0.7515529353687248,
          "recall": 0.8,
          "valid_positive_count": 10
        },
        "flash": {
          "f1": 0.48,
          "pr_auc": 0.973972159003526,
          "recall": 0.3157894736842105,
          "valid_positive_count": 19
        },
        "tunnel": {
          "f1": 0.0,
          "pr_auc": 0.12142857142857143,
          "recall": 0.0,
          "valid_positive_count": 2
        }
      },
      "threshold": 0.5,
      "valid_code_count": 3
    },
    {
      "best_epoch": 20,
      "early_stopping_monitor": null,
      "epochs_ran": 20,
      "fold": 2,
      "macro_f1": 0.20175438596491227,
      "macro_pr_auc": 0.5487140741827705,
      "macro_recall": 0.17003367003367,
      "per_code": {
        "blur": {
          "f1": 0.5,
          "pr_auc": 0.6245741186917658,
          "recall": 0.45454545454545453,
          "valid_positive_count": 11
        },
        "flash": {
          "f1": 0.10526315789473684,
          "pr_auc": 0.9160125483009901,
          "recall": 0.05555555555555555,
          "valid_positive_count": 18
        },
        "tunnel": {
          "f1": 0.0,
          "pr_auc": 0.10555555555555556,
          "recall": 0.0,
          "valid_positive_count": 2
        }
      },
      "threshold": 0.5,
      "valid_code_count": 3
    },
    {
      "best_epoch": 20,
      "early_stopping_monitor": null,
      "epochs_ran": 20,
      "fold": 3,
      "macro_f1": 0.5062388591800356,
      "macro_pr_auc": 0.5868688267166079,
      "macro_recall": 0.5111111111111111,
      "per_code": {
        "blur": {
          "f1": 0.6363636363636364,
          "pr_auc": 0.7558512759170652,
          "recall": 0.7,
          "valid_positive_count": 10
        },
        "flash": {
          "f1": 0.8823529411764706,
          "pr_auc": 0.9047552042327585,
          "recall": 0.8333333333333334,
          "valid_positive_count": 18
        },
        "tunnel": {
          "f1": 0.0,
          "pr_auc": 0.1,
          "recall": 0.0,
          "valid_positive_count": 2
        }
      },
      "threshold": 0.5,
      "valid_code_count": 3
    },
    {
      "best_epoch": 20,
      "early_stopping_monitor": null,
      "epochs_ran": 20,
      "fold": 4,
      "macro_f1": 0.5435606060606061,
      "macro_pr_auc": 0.7374348738551709,
      "macro_recall": 0.5007974481658692,
      "per_code": {
        "blur": {
          "f1": 0.8181818181818182,
          "pr_auc": 0.8010396169487078,
          "recall": 0.8181818181818182,
          "valid_positive_count": 11
        },
        "flash": {
          "f1": 0.8125,
          "pr_auc": 0.9945983379501384,
          "recall": 0.6842105263157895,
          "valid_positive_count": 19
        },
        "tunnel": {
          "f1": 0.0,
          "pr_auc": 0.41666666666666663,
          "recall": 0.0,
          "valid_positive_count": 2
        }
      },
      "threshold": 0.5,
      "valid_code_count": 3
    }
  ],
  "fold_scheme": "weld_independent",
  "mode": "window_mil",
  "run_folds": [
    0,
    1,
    2,
    3,
    4
  ],
  "sample_count": 101
}
runs=1 ok=True
OK /home/user/PROJECT/MMDII/MMDII-Core/outputs/time-frequency-v0-2-1/seed-7-dwt_swt_db4-separable_cnn2d-max samples=101
{
  "aggregator": "topk_mean",
  "completed_fold_count": 5,
  "fold_count": 5,
  "fold_metrics": [
    {
      "best_epoch": 20,
      "early_stopping_monitor": null,
      "epochs_ran": 20,
      "fold": 0,
      "macro_f1": 0.3936092955700799,
      "macro_pr_auc": 0.6299669217346376,
      "macro_recall": 0.2996632996632997,
      "per_code": {
        "blur": {
          "f1": 0.5882352941176471,
          "pr_auc": 0.8572001527883881,
          "recall": 0.45454545454545453,
          "valid_positive_count": 11
        },
        "flash": {
          "f1": 0.5925925925925926,
          "pr_auc": 0.87793870765362,
          "recall": 0.4444444444444444,
          "valid_positive_count": 18
        },
        "tunnel": {
          "f1": 0.0,
          "pr_auc": 0.15476190476190477,
          "recall": 0.0,
          "valid_positive_count": 2
        }
      },
      "threshold": 0.5,
      "valid_code_count": 3
    },
    {
      "best_epoch": 20,
      "early_stopping_monitor": null,
      "epochs_ran": 20,
      "fold": 1,
      "macro_f1": 0.4358974358974359,
      "macro_pr_auc": 0.6336212733247113,
      "macro_recall": 0.456140350877193,
      "per_code": {
        "blur": {
          "f1": 0.7692307692307693,
          "pr_auc": 0.8379761904761903,
          "recall": 1.0,
          "valid_positive_count": 10
        },
        "flash": {
          "f1": 0.5384615384615384,
          "pr_auc": 0.9648015050960299,
          "recall": 0.3684210526315789,
          "valid_positive_count": 19
        },
        "tunnel": {
          "f1": 0.0,
          "pr_auc": 0.09808612440191387,
          "recall": 0.0,
          "valid_positive_count": 2
        }
      },
      "threshold": 0.5,
      "valid_code_count": 3
    },
    {
      "best_epoch": 20,
      "early_stopping_monitor": null,
      "epochs_ran": 20,
      "fold": 2,
      "macro_f1": 0.26745718050065875,
      "macro_pr_auc": 0.5311983836278642,
      "macro_recall": 0.22558922558922556,
      "per_code": {
        "blur": {
          "f1": 0.45454545454545453,
          "pr_auc": 0.6006646131646132,
          "recall": 0.45454545454545453,
          "valid_positive_count": 11
        },
        "flash": {
          "f1": 0.34782608695652173,
          "pr_auc": 0.8748749821634239,
          "recall": 0.2222222222222222,
          "valid_positive_count": 18
        },
        "tunnel": {
          "f1": 0.0,
          "pr_auc": 0.11805555555555555,
          "recall": 0.0,
          "valid_positive_count": 2
        }
      },
      "threshold": 0.5,
      "valid_code_count": 3
    },
    {
      "best_epoch": 20,
      "early_stopping_monitor": null,
      "epochs_ran": 20,
      "fold": 3,
      "macro_f1": 0.4933545986177565,
      "macro_pr_auc": 0.6274385767088726,
      "macro_recall": 0.45925925925925926,
      "per_code": {
        "blur": {
          "f1": 0.631578947368421,
          "pr_auc": 0.7827633477633478,
          "recall": 0.6,
          "valid_positive_count": 10
        },
        "flash": {
          "f1": 0.8484848484848485,
          "pr_auc": 0.9656238109346986,
          "recall": 0.7777777777777778,
          "valid_positive_count": 18
        },
        "tunnel": {
          "f1": 0.0,
          "pr_auc": 0.13392857142857142,
          "recall": 0.0,
          "valid_positive_count": 2
        }
      },
      "threshold": 0.5,
      "valid_code_count": 3
    },
    {
      "best_epoch": 20,
      "early_stopping_monitor": null,
      "epochs_ran": 20,
      "fold": 4,
      "macro_f1": 0.5415584415584417,
      "macro_pr_auc": 0.7336249781968375,
      "macro_recall": 0.5669856459330144,
      "per_code": {
        "blur": {
          "f1": 0.8,
          "pr_auc": 0.8921717171717172,
          "recall": 0.7272727272727273,
          "valid_positive_count": 11
        },
        "flash": {
          "f1": 0.6428571428571429,
          "pr_auc": 0.981780140495718,
          "recall": 0.47368421052631576,
          "valid_positive_count": 19
        },
        "tunnel": {
          "f1": 0.18181818181818182,
          "pr_auc": 0.3269230769230769,
          "recall": 0.5,
          "valid_positive_count": 2
        }
      },
      "threshold": 0.5,
      "valid_code_count": 3
    }
  ],
  "fold_scheme": "weld_independent",
  "mode": "window_mil",
  "run_folds": [
    0,
    1,
    2,
    3,
    4
  ],
  "sample_count": 101
}
runs=1 ok=True
OK /home/user/PROJECT/MMDII/MMDII-Core/outputs/time-frequency-v0-2-1/seed-7-dwt_swt_db4-separable_cnn2d-topk_mean samples=101
{
  "aggregator": "gated_attention",
  "completed_fold_count": 5,
  "fold_count": 5,
  "fold_metrics": [
    {
      "best_epoch": 20,
      "early_stopping_monitor": null,
      "epochs_ran": 20,
      "fold": 0,
      "macro_f1": 0.4945652173913044,
      "macro_pr_auc": 0.6301001743704703,
      "macro_recall": 0.4713804713804714,
      "per_code": {
        "blur": {
          "f1": 0.6086956521739131,
          "pr_auc": 0.7636280386280387,
          "recall": 0.6363636363636364,
          "valid_positive_count": 11
        },
        "flash": {
          "f1": 0.875,
          "pr_auc": 0.9872494075602952,
          "recall": 0.7777777777777778,
          "valid_positive_count": 18
        },
        "tunnel": {
          "f1": 0.0,
          "pr_auc": 0.13942307692307693,
          "recall": 0.0,
          "valid_positive_count": 2
        }
      },
      "threshold": 0.5,
      "valid_code_count": 3
    },
    {
      "best_epoch": 20,
      "early_stopping_monitor": null,
      "epochs_ran": 20,
      "fold": 1,
      "macro_f1": 0.5699855699855699,
      "macro_pr_auc": 0.7251621203918743,
      "macro_recall": 0.6280701754385966,
      "per_code": {
        "blur": {
          "f1": 0.6363636363636364,
          "pr_auc": 0.650344611528822,
          "recall": 0.7,
          "valid_positive_count": 10
        },
        "flash": {
          "f1": 0.7878787878787878,
          "pr_auc": 0.9695861940912454,
          "recall": 0.6842105263157895,
          "valid_positive_count": 19
        },
        "tunnel": {
          "f1": 0.2857142857142857,
          "pr_auc": 0.5555555555555556,
          "recall": 0.5,
          "valid_positive_count": 2
        }
      },
      "threshold": 0.5,
      "valid_code_count": 3
    },
    {
      "best_epoch": 20,
      "early_stopping_monitor": null,
      "epochs_ran": 20,
      "fold": 2,
      "macro_f1": 0.6378787878787878,
      "macro_pr_auc": 0.7845771151645297,
      "macro_recall": 0.8282828282828283,
      "per_code": {
        "blur": {
          "f1": 0.75,
          "pr_auc": 0.7922454207143204,
          "recall": 0.8181818181818182,
          "valid_positive_count": 11
        },
        "flash": {
          "f1": 0.8,
          "pr_auc": 0.9781525914459352,
          "recall": 0.6666666666666666,
          "valid_positive_count": 18
        },
        "tunnel": {
          "f1": 0.36363636363636365,
          "pr_auc": 0.5833333333333333,
          "recall": 1.0,
          "valid_positive_count": 2
        }
      },
      "threshold": 0.5,
      "valid_code_count": 3
    },
    {
      "best_epoch": 20,
      "early_stopping_monitor": null,
      "epochs_ran": 20,
      "fold": 3,
      "macro_f1": 0.5277777777777778,
      "macro_pr_auc": 0.6909413583110693,
      "macro_recall": 0.6,
      "per_code": {
        "blur": {
          "f1": 0.6666666666666666,
          "pr_auc": 0.7236397374555268,
          "recall": 0.8,
          "valid_positive_count": 10
        },
        "flash": {
          "f1": 0.6666666666666666,
          "pr_auc": 0.9741843374776813,
          "recall": 0.5,
          "valid_positive_count": 18
        },
        "tunnel": {
          "f1": 0.25,
          "pr_auc": 0.375,
          "recall": 0.5,
          "valid_positive_count": 2
        }
      },
      "threshold": 0.5,
      "valid_code_count": 3
    },
    {
      "best_epoch": 20,
      "early_stopping_monitor": null,
      "epochs_ran": 20,
      "fold": 4,
      "macro_f1": 0.535042735042735,
      "macro_pr_auc": 0.6830241313885602,
      "macro_recall": 0.5318979266347688,
      "per_code": {
        "blur": {
          "f1": 0.6666666666666666,
          "pr_auc": 0.7699623905506259,
          "recall": 0.7272727272727273,
          "valid_positive_count": 11
        },
        "flash": {
          "f1": 0.5384615384615384,
          "pr_auc": 0.9695861940912454,
          "recall": 0.3684210526315789,
          "valid_positive_count": 19
        },
        "tunnel": {
          "f1": 0.4,
          "pr_auc": 0.30952380952380953,
          "recall": 0.5,
          "valid_positive_count": 2
        }
      },
      "threshold": 0.5,
      "valid_code_count": 3
    }
  ],
  "fold_scheme": "weld_independent",
  "mode": "window_mil",
  "run_folds": [
    0,
    1,
    2,
    3,
    4
  ],
  "sample_count": 101
}
runs=1 ok=True
OK /home/user/PROJECT/MMDII/MMDII-Core/outputs/time-frequency-v0-2-1/seed-7-dwt_swt_db4-separable_cnn2d-gated_attention samples=101
{
  "aggregator": "mean",
  "completed_fold_count": 5,
  "fold_count": 5,
  "fold_metrics": [
    {
      "best_epoch": 20,
      "early_stopping_monitor": null,
      "epochs_ran": 20,
      "fold": 0,
      "macro_f1": 0.5629032258064516,
      "macro_pr_auc": 0.7008478944018551,
      "macro_recall": 0.5892255892255892,
      "per_code": {
        "blur": {
          "f1": 0.6,
          "pr_auc": 0.8522628886265249,
          "recall": 0.5454545454545454,
          "valid_positive_count": 11
        },
        "flash": {
          "f1": 0.8387096774193549,
          "pr_auc": 0.9824236517218974,
          "recall": 0.7222222222222222,
          "valid_positive_count": 18
        },
        "tunnel": {
          "f1": 0.25,
          "pr_auc": 0.26785714285714285,
          "recall": 0.5,
          "valid_positive_count": 2
        }
      },
      "threshold": 0.5,
      "valid_code_count": 3
    },
    {
      "best_epoch": 20,
      "early_stopping_monitor": null,
      "epochs_ran": 20,
      "fold": 1,
      "macro_f1": 0.524731182795699,
      "macro_pr_auc": 0.7258664337611705,
      "macro_recall": 0.47719298245614034,
      "per_code": {
        "blur": {
          "f1": 0.8,
          "pr_auc": 0.9540404040404039,
          "recall": 0.8,
          "valid_positive_count": 10
        },
        "flash": {
          "f1": 0.7741935483870968,
          "pr_auc": 0.9973684210526315,
          "recall": 0.631578947368421,
          "valid_positive_count": 19
        },
        "tunnel": {
          "f1": 0.0,
          "pr_auc": 0.22619047619047616,
          "recall": 0.0,
          "valid_positive_count": 2
        }
      },
      "threshold": 0.5,
      "valid_code_count": 3
    },
    {
      "best_epoch": 20,
      "early_stopping_monitor": null,
      "epochs_ran": 20,
      "fold": 2,
      "macro_f1": 0.7064814814814815,
      "macro_pr_auc": 0.7657480304130632,
      "macro_recall": 0.8350168350168351,
      "per_code": {
        "blur": {
          "f1": 0.8,
          "pr_auc": 0.8959595959595961,
          "recall": 0.7272727272727273,
          "valid_positive_count": 11
        },
        "flash": {
          "f1": 0.875,
          "pr_auc": 0.9846178286129268,
          "recall": 0.7777777777777778,
          "valid_positive_count": 18
        },
        "tunnel": {
          "f1": 0.4444444444444444,
          "pr_auc": 0.41666666666666663,
          "recall": 1.0,
          "valid_positive_count": 2
        }
      },
      "threshold": 0.5,
      "valid_code_count": 3
    },
    {
      "best_epoch": 20,
      "early_stopping_monitor": null,
      "epochs_ran": 20,
      "fold": 3,
      "macro_f1": 0.6651542649727767,
      "macro_pr_auc": 0.8274578475614768,
      "macro_recall": 0.7703703703703703,
      "per_code": {
        "blur": {
          "f1": 0.7368421052631579,
          "pr_auc": 0.8361294261294261,
          "recall": 0.7,
          "valid_positive_count": 10
        },
        "flash": {
          "f1": 0.7586206896551724,
          "pr_auc": 0.9795774498883376,
          "recall": 0.6111111111111112,
          "valid_positive_count": 18
        },
        "tunnel": {
          "f1": 0.5,
          "pr_auc": 0.6666666666666666,
          "recall": 1.0,
          "valid_positive_count": 2
        }
      },
      "threshold": 0.5,
      "valid_code_count": 3
    },
    {
      "best_epoch": 20,
      "early_stopping_monitor": null,
      "epochs_ran": 20,
      "fold": 4,
      "macro_f1": 0.6728395061728395,
      "macro_pr_auc": 0.8307910225589131,
      "macro_recall": 0.7679425837320574,
      "per_code": {
        "blur": {
          "f1": 0.7407407407407407,
          "pr_auc": 0.8549175868694585,
          "recall": 0.9090909090909091,
          "valid_positive_count": 11
        },
        "flash": {
          "f1": 0.9444444444444444,
          "pr_auc": 0.9945983379501384,
          "recall": 0.8947368421052632,
          "valid_positive_count": 19
        },
        "tunnel": {
          "f1": 0.3333333333333333,
          "pr_auc": 0.6428571428571428,
          "recall": 0.5,
          "valid_positive_count": 2
        }
      },
      "threshold": 0.5,
      "valid_code_count": 3
    }
  ],
  "fold_scheme": "weld_independent",
  "mode": "window_mil",
  "run_folds": [
    0,
    1,
    2,
    3,
    4
  ],
  "sample_count": 101
}
runs=1 ok=True
OK /home/user/PROJECT/MMDII/MMDII-Core/outputs/time-frequency-v0-2-1/seed-7-dwt_swt_db4-resnet2d_small-mean samples=101
{
  "aggregator": "max",
  "completed_fold_count": 5,
  "fold_count": 5,
  "fold_metrics": [
    {
      "best_epoch": 20,
      "early_stopping_monitor": null,
      "epochs_ran": 20,
      "fold": 0,
      "macro_f1": 0.43846153846153846,
      "macro_pr_auc": 0.5907967478010009,
      "macro_recall": 0.3602693602693603,
      "per_code": {
        "blur": {
          "f1": 0.7,
          "pr_auc": 0.7166929030565394,
          "recall": 0.6363636363636364,
          "valid_positive_count": 11
        },
        "flash": {
          "f1": 0.6153846153846154,
          "pr_auc": 0.9656238109346986,
          "recall": 0.4444444444444444,
          "valid_positive_count": 18
        },
        "tunnel": {
          "f1": 0.0,
          "pr_auc": 0.0900735294117647,
          "recall": 0.0,
          "valid_positive_count": 2
        }
      },
      "threshold": 0.5,
      "valid_code_count": 3
    },
    {
      "best_epoch": 20,
      "early_stopping_monitor": null,
      "epochs_ran": 20,
      "fold": 1,
      "macro_f1": 0.4399551066217733,
      "macro_pr_auc": 0.6202573352573352,
      "macro_recall": 0.4070175438596491,
      "per_code": {
        "blur": {
          "f1": 0.7272727272727273,
          "pr_auc": 0.7653174603174602,
          "recall": 0.8,
          "valid_positive_count": 10
        },
        "flash": {
          "f1": 0.5925925925925926,
          "pr_auc": 0.9973684210526315,
          "recall": 0.42105263157894735,
          "valid_positive_count": 19
        },
        "tunnel": {
          "f1": 0.0,
          "pr_auc": 0.09808612440191387,
          "recall": 0.0,
          "valid_positive_count": 2
        }
      },
      "threshold": 0.5,
      "valid_code_count": 3
    },
    {
      "best_epoch": 20,
      "early_stopping_monitor": null,
      "epochs_ran": 20,
      "fold": 2,
      "macro_f1": 0.4402298850574713,
      "macro_pr_auc": 0.575802580059546,
      "macro_recall": 0.37878787878787873,
      "per_code": {
        "blur": {
          "f1": 0.7,
          "pr_auc": 0.6921356421356419,
          "recall": 0.6363636363636364,
          "valid_positive_count": 11
        },
        "flash": {
          "f1": 0.6206896551724138,
          "pr_auc": 0.922772098042996,
          "recall": 0.5,
          "valid_positive_count": 18
        },
        "tunnel": {
          "f1": 0.0,
          "pr_auc": 0.1125,
          "recall": 0.0,
          "valid_positive_count": 2
        }
      },
      "threshold": 0.5,
      "valid_code_count": 3
    },
    {
      "best_epoch": 20,
      "early_stopping_monitor": null,
      "epochs_ran": 20,
      "fold": 3,
      "macro_f1": 0.45166666666666666,
      "macro_pr_auc": 0.7180387978130497,
      "macro_recall": 0.37777777777777777,
      "per_code": {
        "blur": {
          "f1": 0.375,
          "pr_auc": 0.6382500780952792,
          "recall": 0.3,
          "valid_positive_count": 10
        },
        "flash": {
          "f1": 0.48,
          "pr_auc": 0.9047552042327585,
          "recall": 0.3333333333333333,
          "valid_positive_count": 18
        },
        "tunnel": {
          "f1": 0.5,
          "pr_auc": 0.6111111111111112,
          "recall": 0.5,
          "valid_positive_count": 2
        }
      },
      "threshold": 0.5,
      "valid_code_count": 3
    },
    {
      "best_epoch": 20,
      "early_stopping_monitor": null,
      "epochs_ran": 20,
      "fold": 4,
      "macro_f1": 0.5515873015873015,
      "macro_pr_auc": 0.7948934484190087,
      "macro_recall": 0.5669856459330144,
      "per_code": {
        "blur": {
          "f1": 0.7619047619047619,
          "pr_auc": 0.8160829069919979,
          "recall": 0.7272727272727273,
          "valid_positive_count": 11
        },
        "flash": {
          "f1": 0.6428571428571429,
          "pr_auc": 0.9916743613419512,
          "recall": 0.47368421052631576,
          "valid_positive_count": 19
        },
        "tunnel": {
          "f1": 0.25,
          "pr_auc": 0.5769230769230769,
          "recall": 0.5,
          "valid_positive_count": 2
        }
      },
      "threshold": 0.5,
      "valid_code_count": 3
    }
  ],
  "fold_scheme": "weld_independent",
  "mode": "window_mil",
  "run_folds": [
    0,
    1,
    2,
    3,
    4
  ],
  "sample_count": 101
}
runs=1 ok=True
OK /home/user/PROJECT/MMDII/MMDII-Core/outputs/time-frequency-v0-2-1/seed-7-dwt_swt_db4-resnet2d_small-max samples=101
{
  "aggregator": "topk_mean",
  "completed_fold_count": 5,
  "fold_count": 5,
  "fold_metrics": [
    {
      "best_epoch": 20,
      "early_stopping_monitor": null,
      "epochs_ran": 20,
      "fold": 0,
      "macro_f1": 0.4142857142857143,
      "macro_pr_auc": 0.586944633235522,
      "macro_recall": 0.34848484848484845,
      "per_code": {
        "blur": {
          "f1": 0.6,
          "pr_auc": 0.7655204643841008,
          "recall": 0.5454545454545454,
          "valid_positive_count": 11
        },
        "flash": {
          "f1": 0.6428571428571429,
          "pr_auc": 0.9103461150610275,
          "recall": 0.5,
          "valid_positive_count": 18
        },
        "tunnel": {
          "f1": 0.0,
          "pr_auc": 0.08496732026143791,
          "recall": 0.0,
          "valid_positive_count": 2
        }
      },
      "threshold": 0.5,
      "valid_code_count": 3
    },
    {
      "best_epoch": 20,
      "early_stopping_monitor": null,
      "epochs_ran": 20,
      "fold": 1,
      "macro_f1": 0.4056140350877193,
      "macro_pr_auc": 0.6424433035476705,
      "macro_recall": 0.3385964912280701,
      "per_code": {
        "blur": {
          "f1": 0.7368421052631579,
          "pr_auc": 0.8276619132501485,
          "recall": 0.7,
          "valid_positive_count": 10
        },
        "flash": {
          "f1": 0.48,
          "pr_auc": 0.9852889124255426,
          "recall": 0.3157894736842105,
          "valid_positive_count": 19
        },
        "tunnel": {
          "f1": 0.0,
          "pr_auc": 0.11437908496732026,
          "recall": 0.0,
          "valid_positive_count": 2
        }
      },
      "threshold": 0.5,
      "valid_code_count": 3
    },
    {
      "best_epoch": 20,
      "early_stopping_monitor": null,
      "epochs_ran": 20,
      "fold": 2,
      "macro_f1": 0.5407407407407407,
      "macro_pr_auc": 0.6653663923572765,
      "macro_recall": 0.5521885521885522,
      "per_code": {
        "blur": {
          "f1": 0.6666666666666666,
          "pr_auc": 0.865243966559756,
          "recall": 0.5454545454545454,
          "valid_positive_count": 11
        },
        "flash": {
          "f1": 0.7333333333333333,
          "pr_auc": 0.934426639083502,
          "recall": 0.6111111111111112,
          "valid_positive_count": 18
        },
        "tunnel": {
          "f1": 0.2222222222222222,
          "pr_auc": 0.19642857142857142,
          "recall": 0.5,
          "valid_positive_count": 2
        }
      },
      "threshold": 0.5,
      "valid_code_count": 3
    },
    {
      "best_epoch": 20,
      "early_stopping_monitor": null,
      "epochs_ran": 20,
      "fold": 3,
      "macro_f1": 0.5754830917874396,
      "macro_pr_auc": 0.7879502428797234,
      "macro_recall": 0.4259259259259259,
      "per_code": {
        "blur": {
          "f1": 0.625,
          "pr_auc": 0.8361979686979686,
          "recall": 0.5,
          "valid_positive_count": 10
        },
        "flash": {
          "f1": 0.43478260869565216,
          "pr_auc": 0.9276527599412017,
          "recall": 0.2777777777777778,
          "valid_positive_count": 18
        },
        "tunnel": {
          "f1": 0.6666666666666666,
          "pr_auc": 0.6,
          "recall": 0.5,
          "valid_positive_count": 2
        }
      },
      "threshold": 0.5,
      "valid_code_count": 3
    },
    {
      "best_epoch": 20,
      "early_stopping_monitor": null,
      "epochs_ran": 20,
      "fold": 4,
      "macro_f1": 0.49615384615384617,
      "macro_pr_auc": 0.6873263693982287,
      "macro_recall": 0.5015948963317384,
      "per_code": {
        "blur": {
          "f1": 0.7,
          "pr_auc": 0.8837703962703964,
          "recall": 0.6363636363636364,
          "valid_positive_count": 11
        },
        "flash": {
          "f1": 0.5384615384615384,
          "pr_auc": 0.981780140495718,
          "recall": 0.3684210526315789,
          "valid_positive_count": 19
        },
        "tunnel": {
          "f1": 0.25,
          "pr_auc": 0.19642857142857142,
          "recall": 0.5,
          "valid_positive_count": 2
        }
      },
      "threshold": 0.5,
      "valid_code_count": 3
    }
  ],
  "fold_scheme": "weld_independent",
  "mode": "window_mil",
  "run_folds": [
    0,
    1,
    2,
    3,
    4
  ],
  "sample_count": 101
}
runs=1 ok=True
OK /home/user/PROJECT/MMDII/MMDII-Core/outputs/time-frequency-v0-2-1/seed-7-dwt_swt_db4-resnet2d_small-topk_mean samples=101
{
  "aggregator": "gated_attention",
  "completed_fold_count": 5,
  "fold_count": 5,
  "fold_metrics": [
    {
      "best_epoch": 20,
      "early_stopping_monitor": null,
      "epochs_ran": 20,
      "fold": 0,
      "macro_f1": 0.6819776714513557,
      "macro_pr_auc": 0.6969992969992971,
      "macro_recall": 0.8232323232323232,
      "per_code": {
        "blur": {
          "f1": 0.7368421052631579,
          "pr_auc": 0.9001248751248752,
          "recall": 0.6363636363636364,
          "valid_positive_count": 11
        },
        "flash": {
          "f1": 0.9090909090909091,
          "pr_auc": 0.9944444444444446,
          "recall": 0.8333333333333334,
          "valid_positive_count": 18
        },
        "tunnel": {
          "f1": 0.4,
          "pr_auc": 0.19642857142857142,
          "recall": 1.0,
          "valid_positive_count": 2
        }
      },
      "threshold": 0.5,
      "valid_code_count": 3
    },
    {
      "best_epoch": 20,
      "early_stopping_monitor": null,
      "epochs_ran": 20,
      "fold": 1,
      "macro_f1": 0.5848324514991181,
      "macro_pr_auc": 0.796526226415423,
      "macro_recall": 0.5736842105263158,
      "per_code": {
        "blur": {
          "f1": 0.7619047619047619,
          "pr_auc": 0.8264757464757464,
          "recall": 0.8,
          "valid_positive_count": 10
        },
        "flash": {
          "f1": 0.5925925925925926,
          "pr_auc": 0.9916743613419512,
          "recall": 0.42105263157894735,
          "valid_positive_count": 19
        },
        "tunnel": {
          "f1": 0.4,
          "pr_auc": 0.5714285714285714,
          "recall": 0.5,
          "valid_positive_count": 2
        }
      },
      "threshold": 0.5,
      "valid_code_count": 3
    },
    {
      "best_epoch": 20,
      "early_stopping_monitor": null,
      "epochs_ran": 20,
      "fold": 2,
      "macro_f1": 0.662037037037037,
      "macro_pr_auc": 0.8854974639585453,
      "macro_recall": 0.8047138047138048,
      "per_code": {
        "blur": {
          "f1": 0.6666666666666666,
          "pr_auc": 0.8456017393183168,
          "recall": 0.6363636363636364,
          "valid_positive_count": 11
        },
        "flash": {
          "f1": 0.875,
          "pr_auc": 0.977557319223986,
          "recall": 0.7777777777777778,
          "valid_positive_count": 18
        },
        "tunnel": {
          "f1": 0.4444444444444444,
          "pr_auc": 0.8333333333333333,
          "recall": 1.0,
          "valid_positive_count": 2
        }
      },
      "threshold": 0.5,
      "valid_code_count": 3
    },
    {
      "best_epoch": 20,
      "early_stopping_monitor": null,
      "epochs_ran": 20,
      "fold": 3,
      "macro_f1": 0.7204092204092204,
      "macro_pr_auc": 0.6933218779271412,
      "macro_recall": 0.9814814814814815,
      "per_code": {
        "blur": {
          "f1": 0.9090909090909091,
          "pr_auc": 0.7733658008658009,
          "recall": 1.0,
          "valid_positive_count": 10
        },
        "flash": {
          "f1": 0.9444444444444444,
          "pr_auc": 0.997076023391813,
          "recall": 0.9444444444444444,
          "valid_positive_count": 18
        },
        "tunnel": {
          "f1": 0.3076923076923077,
          "pr_auc": 0.30952380952380953,
          "recall": 1.0,
          "valid_positive_count": 2
        }
      },
      "threshold": 0.5,
      "valid_code_count": 3
    },
    {
      "best_epoch": 20,
      "early_stopping_monitor": null,
      "epochs_ran": 20,
      "fold": 4,
      "macro_f1": 0.6052814938684504,
      "macro_pr_auc": 0.8259626179627069,
      "macro_recall": 0.8038277511961723,
      "per_code": {
        "blur": {
          "f1": 0.6956521739130435,
          "pr_auc": 0.8814878303514668,
          "recall": 0.7272727272727273,
          "valid_positive_count": 11
        },
        "flash": {
          "f1": 0.8125,
          "pr_auc": 0.9852889124255426,
          "recall": 0.6842105263157895,
          "valid_positive_count": 19
        },
        "tunnel": {
          "f1": 0.3076923076923077,
          "pr_auc": 0.6111111111111112,
          "recall": 1.0,
          "valid_positive_count": 2
        }
      },
      "threshold": 0.5,
      "valid_code_count": 3
    }
  ],
  "fold_scheme": "weld_independent",
  "mode": "window_mil",
  "run_folds": [
    0,
    1,
    2,
    3,
    4
  ],
  "sample_count": 101
}
runs=1 ok=True
OK /home/user/PROJECT/MMDII/MMDII-Core/outputs/time-frequency-v0-2-1/seed-7-dwt_swt_db4-resnet2d_small-gated_attention samples=101
{
  "aggregator": "mean",
  "completed_fold_count": 5,
  "fold_count": 5,
  "fold_metrics": [
    {
      "best_epoch": 20,
      "early_stopping_monitor": null,
      "epochs_ran": 20,
      "fold": 0,
      "macro_f1": 0.5968253968253968,
      "macro_pr_auc": 0.6504803969755342,
      "macro_recall": 0.7929292929292929,
      "per_code": {
        "blur": {
          "f1": 0.6,
          "pr_auc": 0.8019423758060122,
          "recall": 0.5454545454545454,
          "valid_positive_count": 11
        },
        "flash": {
          "f1": 0.8571428571428571,
          "pr_auc": 0.9758877040094791,
          "recall": 0.8333333333333334,
          "valid_positive_count": 18
        },
        "tunnel": {
          "f1": 0.3333333333333333,
          "pr_auc": 0.1736111111111111,
          "recall": 1.0,
          "valid_positive_count": 2
        }
      },
      "threshold": 0.5,
      "valid_code_count": 3
    },
    {
      "best_epoch": 20,
      "early_stopping_monitor": null,
      "epochs_ran": 20,
      "fold": 1,
      "macro_f1": 0.6063492063492063,
      "macro_pr_auc": 0.7034386763334132,
      "macro_recall": 0.6263157894736843,
      "per_code": {
        "blur": {
          "f1": 0.8,
          "pr_auc": 0.911024531024531,
          "recall": 0.8,
          "valid_positive_count": 10
        },
        "flash": {
          "f1": 0.7333333333333333,
          "pr_auc": 0.9973684210526315,
          "recall": 0.5789473684210527,
          "valid_positive_count": 19
        },
        "tunnel": {
          "f1": 0.2857142857142857,
          "pr_auc": 0.20192307692307693,
          "recall": 0.5,
          "valid_positive_count": 2
        }
      },
      "threshold": 0.5,
      "valid_code_count": 3
    },
    {
      "best_epoch": 20,
      "early_stopping_monitor": null,
      "epochs_ran": 20,
      "fold": 2,
      "macro_f1": 0.543859649122807,
      "macro_pr_auc": 0.8130078512022957,
      "macro_recall": 0.5151515151515151,
      "per_code": {
        "blur": {
          "f1": 0.631578947368421,
          "pr_auc": 0.7733617689500043,
          "recall": 0.5454545454545454,
          "valid_positive_count": 11
        },
        "flash": {
          "f1": 0.6666666666666666,
          "pr_auc": 0.9656617846568829,
          "recall": 0.5,
          "valid_positive_count": 18
        },
        "tunnel": {
          "f1": 0.3333333333333333,
          "pr_auc": 0.7,
          "recall": 0.5,
          "valid_positive_count": 2
        }
      },
      "threshold": 0.5,
      "valid_code_count": 3
    },
    {
      "best_epoch": 20,
      "early_stopping_monitor": null,
      "epochs_ran": 20,
      "fold": 3,
      "macro_f1": 0.6222222222222222,
      "macro_pr_auc": 0.7322618988116064,
      "macro_recall": 0.7555555555555555,
      "per_code": {
        "blur": {
          "f1": 0.6666666666666666,
          "pr_auc": 0.8361294261294261,
          "recall": 0.6,
          "valid_positive_count": 10
        },
        "flash": {
          "f1": 0.8,
          "pr_auc": 0.9939896036387266,
          "recall": 0.6666666666666666,
          "valid_positive_count": 18
        },
        "tunnel": {
          "f1": 0.4,
          "pr_auc": 0.3666666666666667,
          "recall": 1.0,
          "valid_positive_count": 2
        }
      },
      "threshold": 0.5,
      "valid_code_count": 3
    },
    {
      "best_epoch": 20,
      "early_stopping_monitor": null,
      "epochs_ran": 20,
      "fold": 4,
      "macro_f1": 0.6926683716965046,
      "macro_pr_auc": 0.878323488607422,
      "macro_recall": 0.8389154704944178,
      "per_code": {
        "blur": {
          "f1": 0.6956521739130435,
          "pr_auc": 0.8070387945387945,
          "recall": 0.7272727272727273,
          "valid_positive_count": 11
        },
        "flash": {
          "f1": 0.8823529411764706,
          "pr_auc": 0.9945983379501384,
          "recall": 0.7894736842105263,
          "valid_positive_count": 19
        },
        "tunnel": {
          "f1": 0.5,
          "pr_auc": 0.8333333333333333,
          "recall": 1.0,
          "valid_positive_count": 2
        }
      },
      "threshold": 0.5,
      "valid_code_count": 3
    }
  ],
  "fold_scheme": "weld_independent",
  "mode": "window_mil",
  "run_folds": [
    0,
    1,
    2,
    3,
    4
  ],
  "sample_count": 101
}
runs=1 ok=True
OK /home/user/PROJECT/MMDII/MMDII-Core/outputs/time-frequency-v0-2-1/seed-7-dwt_swt_db4-convnext2d_lite-mean samples=101
{
  "aggregator": "max",
  "completed_fold_count": 5,
  "fold_count": 5,
  "fold_metrics": [
    {
      "best_epoch": 20,
      "early_stopping_monitor": null,
      "epochs_ran": 20,
      "fold": 0,
      "macro_f1": 0.5676767676767677,
      "macro_pr_auc": 0.6902382055312287,
      "macro_recall": 0.5454545454545454,
      "per_code": {
        "blur": {
          "f1": 0.6363636363636364,
          "pr_auc": 0.663326320144502,
          "recall": 0.6363636363636364,
          "valid_positive_count": 11
        },
        "flash": {
          "f1": 0.6666666666666666,
          "pr_auc": 0.9907216297825174,
          "recall": 0.5,
          "valid_positive_count": 18
        },
        "tunnel": {
          "f1": 0.4,
          "pr_auc": 0.41666666666666663,
          "recall": 0.5,
          "valid_positive_count": 2
        }
      },
      "threshold": 0.5,
      "valid_code_count": 3
    },
    {
      "best_epoch": 20,
      "early_stopping_monitor": null,
      "epochs_ran": 20,
      "fold": 1,
      "macro_f1": 0.5961613787700745,
      "macro_pr_auc": 0.6054130926165306,
      "macro_recall": 0.6315789473684211,
      "per_code": {
        "blur": {
          "f1": 0.8695652173913043,
          "pr_auc": 0.7644627594627594,
          "recall": 1.0,
          "valid_positive_count": 10
        },
        "flash": {
          "f1": 0.918918918918919,
          "pr_auc": 0.9536903939849188,
          "recall": 0.8947368421052632,
          "valid_positive_count": 19
        },
        "tunnel": {
          "f1": 0.0,
          "pr_auc": 0.09808612440191387,
          "recall": 0.0,
          "valid_positive_count": 2
        }
      },
      "threshold": 0.5,
      "valid_code_count": 3
    },
    {
      "best_epoch": 20,
      "early_stopping_monitor": null,
      "epochs_ran": 20,
      "fold": 2,
      "macro_f1": 0.5777777777777778,
      "macro_pr_auc": 0.6717105977511895,
      "macro_recall": 0.5892255892255892,
      "per_code": {
        "blur": {
          "f1": 0.5454545454545454,
          "pr_auc": 0.7932095682095683,
          "recall": 0.5454545454545454,
          "valid_positive_count": 11
        },
        "flash": {
          "f1": 0.7878787878787878,
          "pr_auc": 0.9052555583773334,
          "recall": 0.7222222222222222,
          "valid_positive_count": 18
        },
        "tunnel": {
          "f1": 0.4,
          "pr_auc": 0.31666666666666665,
          "recall": 0.5,
          "valid_positive_count": 2
        }
      },
      "threshold": 0.5,
      "valid_code_count": 3
    },
    {
      "best_epoch": 20,
      "early_stopping_monitor": null,
      "epochs_ran": 20,
      "fold": 3,
      "macro_f1": 0.22023809523809523,
      "macro_pr_auc": 0.571870985863504,
      "macro_recall": 0.15555555555555556,
      "per_code": {
        "blur": {
          "f1": 0.375,
          "pr_auc": 0.6303021978021979,
          "recall": 0.3,
          "valid_positive_count": 10
        },
        "flash": {
          "f1": 0.2857142857142857,
          "pr_auc": 0.9186440931216474,
          "recall": 0.16666666666666666,
          "valid_positive_count": 18
        },
        "tunnel": {
          "f1": 0.0,
          "pr_auc": 0.16666666666666666,
          "recall": 0.0,
          "valid_positive_count": 2
        }
      },
      "threshold": 0.5,
      "valid_code_count": 3
    },
    {
      "best_epoch": 20,
      "early_stopping_monitor": null,
      "epochs_ran": 20,
      "fold": 4,
      "macro_f1": 0.39749373433583957,
      "macro_pr_auc": 0.6164630465612215,
      "macro_recall": 0.42822966507177035,
      "per_code": {
        "blur": {
          "f1": 0.42105263157894735,
          "pr_auc": 0.7012543012543013,
          "recall": 0.36363636363636365,
          "valid_positive_count": 11
        },
        "flash": {
          "f1": 0.5714285714285714,
          "pr_auc": 0.9536903939849188,
          "recall": 0.42105263157894735,
          "valid_positive_count": 19
        },
        "tunnel": {
          "f1": 0.2,
          "pr_auc": 0.19444444444444442,
          "recall": 0.5,
          "valid_positive_count": 2
        }
      },
      "threshold": 0.5,
      "valid_code_count": 3
    }
  ],
  "fold_scheme": "weld_independent",
  "mode": "window_mil",
  "run_folds": [
    0,
    1,
    2,
    3,
    4
  ],
  "sample_count": 101
}
runs=1 ok=True
OK /home/user/PROJECT/MMDII/MMDII-Core/outputs/time-frequency-v0-2-1/seed-7-dwt_swt_db4-convnext2d_lite-max samples=101
{
  "aggregator": "topk_mean",
  "completed_fold_count": 5,
  "fold_count": 5,
  "fold_metrics": [
    {
      "best_epoch": 20,
      "early_stopping_monitor": null,
      "epochs_ran": 20,
      "fold": 0,
      "macro_f1": 0.33015873015873015,
      "macro_pr_auc": 0.5817130747805529,
      "macro_recall": 0.27946127946127947,
      "per_code": {
        "blur": {
          "f1": 0.8,
          "pr_auc": 0.8335182494273402,
          "recall": 0.7272727272727273,
          "valid_positive_count": 11
        },
        "flash": {
          "f1": 0.19047619047619047,
          "pr_auc": 0.821547445502554,
          "recall": 0.1111111111111111,
          "valid_positive_count": 18
        },
        "tunnel": {
          "f1": 0.0,
          "pr_auc": 0.0900735294117647,
          "recall": 0.0,
          "valid_positive_count": 2
        }
      },
      "threshold": 0.5,
      "valid_code_count": 3
    },
    {
      "best_epoch": 20,
      "early_stopping_monitor": null,
      "epochs_ran": 20,
      "fold": 1,
      "macro_f1": 0.6886002886002887,
      "macro_pr_auc": 0.6840820818660153,
      "macro_recall": 0.7473684210526316,
      "per_code": {
        "blur": {
          "f1": 0.8181818181818182,
          "pr_auc": 0.8826479076479076,
          "recall": 0.9,
          "valid_positive_count": 10
        },
        "flash": {
          "f1": 0.9142857142857143,
          "pr_auc": 0.9945983379501384,
          "recall": 0.8421052631578947,
          "valid_positive_count": 19
        },
        "tunnel": {
          "f1": 0.3333333333333333,
          "pr_auc": 0.175,
          "recall": 0.5,
          "valid_positive_count": 2
        }
      },
      "threshold": 0.5,
      "valid_code_count": 3
    },
    {
      "best_epoch": 20,
      "early_stopping_monitor": null,
      "epochs_ran": 20,
      "fold": 2,
      "macro_f1": 0.5888888888888889,
      "macro_pr_auc": 0.6529930686768023,
      "macro_recall": 0.8047138047138048,
      "per_code": {
        "blur": {
          "f1": 0.7,
          "pr_auc": 0.8661008480527199,
          "recall": 0.6363636363636364,
          "valid_positive_count": 11
        },
        "flash": {
          "f1": 0.8,
          "pr_auc": 0.8845450246443539,
          "recall": 0.7777777777777778,
          "valid_positive_count": 18
        },
        "tunnel": {
          "f1": 0.26666666666666666,
          "pr_auc": 0.20833333333333331,
          "recall": 1.0,
          "valid_positive_count": 2
        }
      },
      "threshold": 0.5,
      "valid_code_count": 3
    },
    {
      "best_epoch": 20,
      "early_stopping_monitor": null,
      "epochs_ran": 20,
      "fold": 3,
      "macro_f1": 0.5555555555555555,
      "macro_pr_auc": 0.6431736073269441,
      "macro_recall": 0.6703703703703704,
      "per_code": {
        "blur": {
          "f1": 0.5333333333333333,
          "pr_auc": 0.8218253968253967,
          "recall": 0.4,
          "valid_positive_count": 10
        },
        "flash": {
          "f1": 0.7333333333333333,
          "pr_auc": 0.8993620918221021,
          "recall": 0.6111111111111112,
          "valid_positive_count": 18
        },
        "tunnel": {
          "f1": 0.4,
          "pr_auc": 0.20833333333333331,
          "recall": 1.0,
          "valid_positive_count": 2
        }
      },
      "threshold": 0.5,
      "valid_code_count": 3
    },
    {
      "best_epoch": 20,
      "early_stopping_monitor": null,
      "epochs_ran": 20,
      "fold": 4,
      "macro_f1": 0.6856007480130902,
      "macro_pr_auc": 0.8874443339754343,
      "macro_recall": 0.8165869218500797,
      "per_code": {
        "blur": {
          "f1": 0.782608695652174,
          "pr_auc": 0.8316312475403385,
          "recall": 0.8181818181818182,
          "valid_positive_count": 11
        },
        "flash": {
          "f1": 0.7741935483870968,
          "pr_auc": 0.9973684210526315,
          "recall": 0.631578947368421,
          "valid_positive_count": 19
        },
        "tunnel": {
          "f1": 0.5,
          "pr_auc": 0.8333333333333333,
          "recall": 1.0,
          "valid_positive_count": 2
        }
      },
      "threshold": 0.5,
      "valid_code_count": 3
    }
  ],
  "fold_scheme": "weld_independent",
  "mode": "window_mil",
  "run_folds": [
    0,
    1,
    2,
    3,
    4
  ],
  "sample_count": 101
}
runs=1 ok=True
OK /home/user/PROJECT/MMDII/MMDII-Core/outputs/time-frequency-v0-2-1/seed-7-dwt_swt_db4-convnext2d_lite-topk_mean samples=101
{
  "aggregator": "gated_attention",
  "completed_fold_count": 5,
  "fold_count": 5,
  "fold_metrics": [
    {
      "best_epoch": 20,
      "early_stopping_monitor": null,
      "epochs_ran": 20,
      "fold": 0,
      "macro_f1": 0.6534518113465482,
      "macro_pr_auc": 0.6683499152238402,
      "macro_recall": 0.9090909090909092,
      "per_code": {
        "blur": {
          "f1": 0.7272727272727273,
          "pr_auc": 0.7908008658008657,
          "recall": 0.7272727272727273,
          "valid_positive_count": 11
        },
        "flash": {
          "f1": 0.9473684210526315,
          "pr_auc": 0.9475822132039884,
          "recall": 1.0,
          "valid_positive_count": 18
        },
        "tunnel": {
          "f1": 0.2857142857142857,
          "pr_auc": 0.26666666666666666,
          "recall": 1.0,
          "valid_positive_count": 2
        }
      },
      "threshold": 0.5,
      "valid_code_count": 3
    },
    {
      "best_epoch": 20,
      "early_stopping_monitor": null,
      "epochs_ran": 20,
      "fold": 1,
      "macro_f1": 0.6417748917748918,
      "macro_pr_auc": 0.6557294478013069,
      "macro_recall": 0.8964912280701754,
      "per_code": {
        "blur": {
          "f1": 0.8181818181818182,
          "pr_auc": 0.8468939393939393,
          "recall": 0.9,
          "valid_positive_count": 10
        },
        "flash": {
          "f1": 0.8571428571428571,
          "pr_auc": 0.9202944040099814,
          "recall": 0.7894736842105263,
          "valid_positive_count": 19
        },
        "tunnel": {
          "f1": 0.25,
          "pr_auc": 0.2,
          "recall": 1.0,
          "valid_positive_count": 2
        }
      },
      "threshold": 0.5,
      "valid_code_count": 3
    },
    {
      "best_epoch": 20,
      "early_stopping_monitor": null,
      "epochs_ran": 20,
      "fold": 2,
      "macro_f1": 0.6159844054580896,
      "macro_pr_auc": 0.9086056471462388,
      "macro_recall": 0.7306397306397306,
      "per_code": {
        "blur": {
          "f1": 0.7368421052631579,
          "pr_auc": 0.8001248751248752,
          "recall": 0.6363636363636364,
          "valid_positive_count": 11
        },
        "flash": {
          "f1": 0.6666666666666666,
          "pr_auc": 0.9256920663138414,
          "recall": 0.5555555555555556,
          "valid_positive_count": 18
        },
        "tunnel": {
          "f1": 0.4444444444444444,
          "pr_auc": 1.0,
          "recall": 1.0,
          "valid_positive_count": 2
        }
      },
      "threshold": 0.5,
      "valid_code_count": 3
    },
    {
      "best_epoch": 20,
      "early_stopping_monitor": null,
      "epochs_ran": 20,
      "fold": 3,
      "macro_f1": 0.6232439335887612,
      "macro_pr_auc": 0.7116182891182891,
      "macro_recall": 0.737037037037037,
      "per_code": {
        "blur": {
          "f1": 0.6666666666666666,
          "pr_auc": 0.74755328005328,
          "recall": 0.6,
          "valid_positive_count": 10
        },
        "flash": {
          "f1": 0.7586206896551724,
          "pr_auc": 0.9944444444444446,
          "recall": 0.6111111111111112,
          "valid_positive_count": 18
        },
        "tunnel": {
          "f1": 0.4444444444444444,
          "pr_auc": 0.39285714285714285,
          "recall": 1.0,
          "valid_positive_count": 2
        }
      },
      "threshold": 0.5,
      "valid_code_count": 3
    },
    {
      "best_epoch": 20,
      "early_stopping_monitor": null,
      "epochs_ran": 20,
      "fold": 4,
      "macro_f1": 0.5076628352490422,
      "macro_pr_auc": 0.6982377914762704,
      "macro_recall": 0.4784688995215311,
      "per_code": {
        "blur": {
          "f1": 0.8333333333333334,
          "pr_auc": 0.85725789362153,
          "recall": 0.9090909090909091,
          "valid_positive_count": 11
        },
        "flash": {
          "f1": 0.6896551724137931,
          "pr_auc": 0.9945983379501384,
          "recall": 0.5263157894736842,
          "valid_positive_count": 19
        },
        "tunnel": {
          "f1": 0.0,
          "pr_auc": 0.24285714285714285,
          "recall": 0.0,
          "valid_positive_count": 2
        }
      },
      "threshold": 0.5,
      "valid_code_count": 3
    }
  ],
  "fold_scheme": "weld_independent",
  "mode": "window_mil",
  "run_folds": [
    0,
    1,
    2,
    3,
    4
  ],
  "sample_count": 101
}
runs=1 ok=True
OK /home/user/PROJECT/MMDII/MMDII-Core/outputs/time-frequency-v0-2-1/seed-7-dwt_swt_db4-convnext2d_lite-gated_attention samples=101
{
  "aggregator": "mean",
  "completed_fold_count": 5,
  "fold_count": 5,
  "fold_metrics": [
    {
      "best_epoch": 20,
      "early_stopping_monitor": null,
      "epochs_ran": 20,
      "fold": 0,
      "macro_f1": 0.7876241405653172,
      "macro_pr_auc": 0.7891266961276265,
      "macro_recall": 0.914141414141414,
      "per_code": {
        "blur": {
          "f1": 0.9090909090909091,
          "pr_auc": 0.8087990292535745,
          "recall": 0.9090909090909091,
          "valid_positive_count": 11
        },
        "flash": {
          "f1": 0.8823529411764706,
          "pr_auc": 0.9752477257959715,
          "recall": 0.8333333333333334,
          "valid_positive_count": 18
        },
        "tunnel": {
          "f1": 0.5714285714285714,
          "pr_auc": 0.5833333333333333,
          "recall": 1.0,
          "valid_positive_count": 2
        }
      },
      "threshold": 0.5,
      "valid_code_count": 3
    },
    {
      "best_epoch": 20,
      "early_stopping_monitor": null,
      "epochs_ran": 20,
      "fold": 1,
      "macro_f1": 0.7845938375350139,
      "macro_pr_auc": 0.8745105820105818,
      "macro_recall": 0.8964912280701754,
      "per_code": {
        "blur": {
          "f1": 0.9,
          "pr_auc": 0.9235317460317459,
          "recall": 0.9,
          "valid_positive_count": 10
        },
        "flash": {
          "f1": 0.8823529411764706,
          "pr_auc": 0.9999999999999998,
          "recall": 0.7894736842105263,
          "valid_positive_count": 19
        },
        "tunnel": {
          "f1": 0.5714285714285714,
          "pr_auc": 0.7,
          "recall": 1.0,
          "valid_positive_count": 2
        }
      },
      "threshold": 0.5,
      "valid_code_count": 3
    },
    {
      "best_epoch": 20,
      "early_stopping_monitor": null,
      "epochs_ran": 20,
      "fold": 2,
      "macro_f1": 0.7170426065162907,
      "macro_pr_auc": 0.8278171693096873,
      "macro_recall": 0.6750841750841751,
      "per_code": {
        "blur": {
          "f1": 0.7368421052631579,
          "pr_auc": 0.9108391608391608,
          "recall": 0.6363636363636364,
          "valid_positive_count": 11
        },
        "flash": {
          "f1": 0.9142857142857143,
          "pr_auc": 0.9297552042327586,
          "recall": 0.8888888888888888,
          "valid_positive_count": 18
        },
        "tunnel": {
          "f1": 0.5,
          "pr_auc": 0.6428571428571428,
          "recall": 0.5,
          "valid_positive_count": 2
        }
      },
      "threshold": 0.5,
      "valid_code_count": 3
    },
    {
      "best_epoch": 20,
      "early_stopping_monitor": null,
      "epochs_ran": 20,
      "fold": 3,
      "macro_f1": 0.6721624850657109,
      "macro_pr_auc": 0.8092867198861352,
      "macro_recall": 0.6407407407407407,
      "per_code": {
        "blur": {
          "f1": 0.7777777777777778,
          "pr_auc": 0.8454365079365079,
          "recall": 0.7,
          "valid_positive_count": 10
        },
        "flash": {
          "f1": 0.8387096774193549,
          "pr_auc": 0.9824236517218974,
          "recall": 0.7222222222222222,
          "valid_positive_count": 18
        },
        "tunnel": {
          "f1": 0.4,
          "pr_auc": 0.6,
          "recall": 0.5,
          "valid_positive_count": 2
        }
      },
      "threshold": 0.5,
      "valid_code_count": 3
    },
    {
      "best_epoch": 20,
      "early_stopping_monitor": null,
      "epochs_ran": 20,
      "fold": 4,
      "macro_f1": 0.8422360248447204,
      "macro_pr_auc": 0.8914954747036975,
      "macro_recall": 0.8995215311004784,
      "per_code": {
        "blur": {
          "f1": 0.8695652173913043,
          "pr_auc": 0.8593729502820411,
          "recall": 0.9090909090909091,
          "valid_positive_count": 11
        },
        "flash": {
          "f1": 0.8571428571428571,
          "pr_auc": 0.981780140495718,
          "recall": 0.7894736842105263,
          "valid_positive_count": 19
        },
        "tunnel": {
          "f1": 0.8,
          "pr_auc": 0.8333333333333333,
          "recall": 1.0,
          "valid_positive_count": 2
        }
      },
      "threshold": 0.5,
      "valid_code_count": 3
    }
  ],
  "fold_scheme": "weld_independent",
  "mode": "window_mil",
  "run_folds": [
    0,
    1,
    2,
    3,
    4
  ],
  "sample_count": 101
}
runs=1 ok=True
OK /home/user/PROJECT/MMDII/MMDII-Core/outputs/time-frequency-v0-2-1/seed-7-raw_plus_stft-cnn2d-mean samples=101
{
  "aggregator": "max",
  "completed_fold_count": 5,
  "fold_count": 5,
  "fold_metrics": [
    {
      "best_epoch": 20,
      "early_stopping_monitor": null,
      "epochs_ran": 20,
      "fold": 0,
      "macro_f1": 0.5367965367965368,
      "macro_pr_auc": 0.6629165682162759,
      "macro_recall": 0.5016835016835017,
      "per_code": {
        "blur": {
          "f1": 0.7619047619047619,
          "pr_auc": 0.8626114081996434,
          "recall": 0.7272727272727273,
          "valid_positive_count": 11
        },
        "flash": {
          "f1": 0.8484848484848485,
          "pr_auc": 0.9872494075602952,
          "recall": 0.7777777777777778,
          "valid_positive_count": 18
        },
        "tunnel": {
          "f1": 0.0,
          "pr_auc": 0.1388888888888889,
          "recall": 0.0,
          "valid_positive_count": 2
        }
      },
      "threshold": 0.5,
      "valid_code_count": 3
    },
    {
      "best_epoch": 20,
      "early_stopping_monitor": null,
      "epochs_ran": 20,
      "fold": 1,
      "macro_f1": 0.5645803471890428,
      "macro_pr_auc": 0.6836185177956401,
      "macro_recall": 0.6228070175438597,
      "per_code": {
        "blur": {
          "f1": 0.8695652173913043,
          "pr_auc": 0.8340262515262514,
          "recall": 1.0,
          "valid_positive_count": 10
        },
        "flash": {
          "f1": 0.5384615384615384,
          "pr_auc": 0.973972159003526,
          "recall": 0.3684210526315789,
          "valid_positive_count": 19
        },
        "tunnel": {
          "f1": 0.2857142857142857,
          "pr_auc": 0.24285714285714285,
          "recall": 0.5,
          "valid_positive_count": 2
        }
      },
      "threshold": 0.5,
      "valid_code_count": 3
    },
    {
      "best_epoch": 20,
      "early_stopping_monitor": null,
      "epochs_ran": 20,
      "fold": 2,
      "macro_f1": 0.5286935286935286,
      "macro_pr_auc": 0.7855338625366693,
      "macro_recall": 0.5387205387205387,
      "per_code": {
        "blur": {
          "f1": 0.7619047619047619,
          "pr_auc": 0.9004790663881574,
          "recall": 0.7272727272727273,
          "valid_positive_count": 11
        },
        "flash": {
          "f1": 0.5384615384615384,
          "pr_auc": 0.8727891878885172,
          "recall": 0.3888888888888889,
          "valid_positive_count": 18
        },
        "tunnel": {
          "f1": 0.2857142857142857,
          "pr_auc": 0.5833333333333334,
          "recall": 0.5,
          "valid_positive_count": 2
        }
      },
      "threshold": 0.5,
      "valid_code_count": 3
    },
    {
      "best_epoch": 20,
      "early_stopping_monitor": null,
      "epochs_ran": 20,
      "fold": 3,
      "macro_f1": 0.6412698412698412,
      "macro_pr_auc": 0.7575022476058768,
      "macro_recall": 0.6333333333333333,
      "per_code": {
        "blur": {
          "f1": 0.8571428571428571,
          "pr_auc": 0.9318181818181818,
          "recall": 0.9,
          "valid_positive_count": 10
        },
        "flash": {
          "f1": 0.6666666666666666,
          "pr_auc": 0.9795774498883376,
          "recall": 0.5,
          "valid_positive_count": 18
        },
        "tunnel": {
          "f1": 0.4,
          "pr_auc": 0.3611111111111111,
          "recall": 0.5,
          "valid_positive_count": 2
        }
      },
      "threshold": 0.5,
      "valid_code_count": 3
    },
    {
      "best_epoch": 20,
      "early_stopping_monitor": null,
      "epochs_ran": 20,
      "fold": 4,
      "macro_f1": 0.7411563035686458,
      "macro_pr_auc": 0.8230581371874125,
      "macro_recall": 0.8165869218500797,
      "per_code": {
        "blur": {
          "f1": 0.782608695652174,
          "pr_auc": 0.7411536695627603,
          "recall": 0.8181818181818182,
          "valid_positive_count": 11
        },
        "flash": {
          "f1": 0.7741935483870968,
          "pr_auc": 0.9780207419994773,
          "recall": 0.631578947368421,
          "valid_positive_count": 19
        },
        "tunnel": {
          "f1": 0.6666666666666666,
          "pr_auc": 0.75,
          "recall": 1.0,
          "valid_positive_count": 2
        }
      },
      "threshold": 0.5,
      "valid_code_count": 3
    }
  ],
  "fold_scheme": "weld_independent",
  "mode": "window_mil",
  "run_folds": [
    0,
    1,
    2,
    3,
    4
  ],
  "sample_count": 101
}
runs=1 ok=True
OK /home/user/PROJECT/MMDII/MMDII-Core/outputs/time-frequency-v0-2-1/seed-7-raw_plus_stft-cnn2d-max samples=101
{
  "aggregator": "topk_mean",
  "completed_fold_count": 5,
  "fold_count": 5,
  "fold_metrics": [
    {
      "best_epoch": 20,
      "early_stopping_monitor": null,
      "epochs_ran": 20,
      "fold": 0,
      "macro_f1": 0.5815217391304347,
      "macro_pr_auc": 0.68056397012209,
      "macro_recall": 0.5622895622895623,
      "per_code": {
        "blur": {
          "f1": 0.8695652173913043,
          "pr_auc": 0.9585576040121495,
          "recall": 0.9090909090909091,
          "valid_positive_count": 11
        },
        "flash": {
          "f1": 0.875,
          "pr_auc": 0.9885964912280703,
          "recall": 0.7777777777777778,
          "valid_positive_count": 18
        },
        "tunnel": {
          "f1": 0.0,
          "pr_auc": 0.09453781512605042,
          "recall": 0.0,
          "valid_positive_count": 2
        }
      },
      "threshold": 0.5,
      "valid_code_count": 3
    },
    {
      "best_epoch": 20,
      "early_stopping_monitor": null,
      "epochs_ran": 20,
      "fold": 1,
      "macro_f1": 0.6995820271682341,
      "macro_pr_auc": 0.824989337378534,
      "macro_recall": 0.6754385964912281,
      "per_code": {
        "blur": {
          "f1": 0.9090909090909091,
          "pr_auc": 0.8404365079365078,
          "recall": 1.0,
          "valid_positive_count": 10
        },
        "flash": {
          "f1": 0.6896551724137931,
          "pr_auc": 0.9916743613419512,
          "recall": 0.5263157894736842,
          "valid_positive_count": 19
        },
        "tunnel": {
          "f1": 0.5,
          "pr_auc": 0.6428571428571428,
          "recall": 0.5,
          "valid_positive_count": 2
        }
      },
      "threshold": 0.5,
      "valid_code_count": 3
    },
    {
      "best_epoch": 20,
      "early_stopping_monitor": null,
      "epochs_ran": 20,
      "fold": 2,
      "macro_f1": 0.6033966033966034,
      "macro_pr_auc": 0.7373743838575985,
      "macro_recall": 0.6178451178451178,
      "per_code": {
        "blur": {
          "f1": 0.9090909090909091,
          "pr_auc": 0.9369375573921028,
          "recall": 0.9090909090909091,
          "valid_positive_count": 11
        },
        "flash": {
          "f1": 0.6153846153846154,
          "pr_auc": 0.9656617846568829,
          "recall": 0.4444444444444444,
          "valid_positive_count": 18
        },
        "tunnel": {
          "f1": 0.2857142857142857,
          "pr_auc": 0.30952380952380953,
          "recall": 0.5,
          "valid_positive_count": 2
        }
      },
      "threshold": 0.5,
      "valid_code_count": 3
    },
    {
      "best_epoch": 20,
      "early_stopping_monitor": null,
      "epochs_ran": 20,
      "fold": 3,
      "macro_f1": 0.47719298245614034,
      "macro_pr_auc": 0.6373754153737814,
      "macro_recall": 0.4222222222222222,
      "per_code": {
        "blur": {
          "f1": 0.631578947368421,
          "pr_auc": 0.7903030303030303,
          "recall": 0.6,
          "valid_positive_count": 10
        },
        "flash": {
          "f1": 0.8,
          "pr_auc": 0.980914124909223,
          "recall": 0.6666666666666666,
          "valid_positive_count": 18
        },
        "tunnel": {
          "f1": 0.0,
          "pr_auc": 0.14090909090909093,
          "recall": 0.0,
          "valid_positive_count": 2
        }
      },
      "threshold": 0.5,
      "valid_code_count": 3
    },
    {
      "best_epoch": 20,
      "early_stopping_monitor": null,
      "epochs_ran": 20,
      "fold": 4,
      "macro_f1": 0.4334554334554334,
      "macro_pr_auc": 0.7624911456993685,
      "macro_recall": 0.3652312599681021,
      "per_code": {
        "blur": {
          "f1": 0.7619047619047619,
          "pr_auc": 0.8890266299357208,
          "recall": 0.7272727272727273,
          "valid_positive_count": 11
        },
        "flash": {
          "f1": 0.5384615384615384,
          "pr_auc": 0.981780140495718,
          "recall": 0.3684210526315789,
          "valid_positive_count": 19
        },
        "tunnel": {
          "f1": 0.0,
          "pr_auc": 0.41666666666666663,
          "recall": 0.0,
          "valid_positive_count": 2
        }
      },
      "threshold": 0.5,
      "valid_code_count": 3
    }
  ],
  "fold_scheme": "weld_independent",
  "mode": "window_mil",
  "run_folds": [
    0,
    1,
    2,
    3,
    4
  ],
  "sample_count": 101
}
runs=1 ok=True
OK /home/user/PROJECT/MMDII/MMDII-Core/outputs/time-frequency-v0-2-1/seed-7-raw_plus_stft-cnn2d-topk_mean samples=101
{
  "aggregator": "gated_attention",
  "completed_fold_count": 5,
  "fold_count": 5,
  "fold_metrics": [
    {
      "best_epoch": 20,
      "early_stopping_monitor": null,
      "epochs_ran": 20,
      "fold": 0,
      "macro_f1": 0.7744588744588744,
      "macro_pr_auc": 0.8188288098575179,
      "macro_recall": 0.9326599326599326,
      "per_code": {
        "blur": {
          "f1": 0.9090909090909091,
          "pr_auc": 0.8845566050111504,
          "recall": 0.9090909090909091,
          "valid_positive_count": 11
        },
        "flash": {
          "f1": 0.9142857142857143,
          "pr_auc": 0.9885964912280703,
          "recall": 0.8888888888888888,
          "valid_positive_count": 18
        },
        "tunnel": {
          "f1": 0.5,
          "pr_auc": 0.5833333333333333,
          "recall": 1.0,
          "valid_positive_count": 2
        }
      },
      "threshold": 0.5,
      "valid_code_count": 3
    },
    {
      "best_epoch": 20,
      "early_stopping_monitor": null,
      "epochs_ran": 20,
      "fold": 1,
      "macro_f1": 0.6940217391304347,
      "macro_pr_auc": 0.7372944647944647,
      "macro_recall": 0.7280701754385964,
      "per_code": {
        "blur": {
          "f1": 0.8695652173913043,
          "pr_auc": 0.8190262515262514,
          "recall": 1.0,
          "valid_positive_count": 10
        },
        "flash": {
          "f1": 0.8125,
          "pr_auc": 0.9999999999999998,
          "recall": 0.6842105263157895,
          "valid_positive_count": 19
        },
        "tunnel": {
          "f1": 0.4,
          "pr_auc": 0.39285714285714285,
          "recall": 0.5,
          "valid_positive_count": 2
        }
      },
      "threshold": 0.5,
      "valid_code_count": 3
    },
    {
      "best_epoch": 20,
      "early_stopping_monitor": null,
      "epochs_ran": 20,
      "fold": 2,
      "macro_f1": 0.7396396396396397,
      "macro_pr_auc": 0.822769694297472,
      "macro_recall": 0.7239057239057239,
      "per_code": {
        "blur": {
          "f1": 0.8,
          "pr_auc": 0.9242081447963801,
          "recall": 0.7272727272727273,
          "valid_positive_count": 11
        },
        "flash": {
          "f1": 0.918918918918919,
          "pr_auc": 0.9726723666674648,
          "recall": 0.9444444444444444,
          "valid_positive_count": 18
        },
        "tunnel": {
          "f1": 0.5,
          "pr_auc": 0.5714285714285714,
          "recall": 0.5,
          "valid_positive_count": 2
        }
      },
      "threshold": 0.5,
      "valid_code_count": 3
    },
    {
      "best_epoch": 20,
      "early_stopping_monitor": null,
      "epochs_ran": 20,
      "fold": 3,
      "macro_f1": 0.7057017543859648,
      "macro_pr_auc": 0.815894106180484,
      "macro_recall": 0.6925925925925926,
      "per_code": {
        "blur": {
          "f1": 0.8421052631578947,
          "pr_auc": 0.8790204678362573,
          "recall": 0.8,
          "valid_positive_count": 10
        },
        "flash": {
          "f1": 0.875,
          "pr_auc": 0.9853285173718611,
          "recall": 0.7777777777777778,
          "valid_positive_count": 18
        },
        "tunnel": {
          "f1": 0.4,
          "pr_auc": 0.5833333333333334,
          "recall": 0.5,
          "valid_positive_count": 2
        }
      },
      "threshold": 0.5,
      "valid_code_count": 3
    },
    {
      "best_epoch": 20,
      "early_stopping_monitor": null,
      "epochs_ran": 20,
      "fold": 4,
      "macro_f1": 0.7158730158730159,
      "macro_pr_auc": 0.8655057605662728,
      "macro_recall": 0.7503987240829346,
      "per_code": {
        "blur": {
          "f1": 0.8333333333333334,
          "pr_auc": 0.849148860646187,
          "recall": 0.9090909090909091,
          "valid_positive_count": 11
        },
        "flash": {
          "f1": 0.9142857142857143,
          "pr_auc": 0.9973684210526315,
          "recall": 0.8421052631578947,
          "valid_positive_count": 19
        },
        "tunnel": {
          "f1": 0.4,
          "pr_auc": 0.75,
          "recall": 0.5,
          "valid_positive_count": 2
        }
      },
      "threshold": 0.5,
      "valid_code_count": 3
    }
  ],
  "fold_scheme": "weld_independent",
  "mode": "window_mil",
  "run_folds": [
    0,
    1,
    2,
    3,
    4
  ],
  "sample_count": 101
}
runs=1 ok=True
OK /home/user/PROJECT/MMDII/MMDII-Core/outputs/time-frequency-v0-2-1/seed-7-raw_plus_stft-cnn2d-gated_attention samples=101
{
  "aggregator": "mean",
  "completed_fold_count": 5,
  "fold_count": 5,
  "fold_metrics": [
    {
      "best_epoch": 20,
      "early_stopping_monitor": null,
      "epochs_ran": 20,
      "fold": 0,
      "macro_f1": 0.5826001955034213,
      "macro_pr_auc": 0.748722655723586,
      "macro_recall": 0.5437710437710438,
      "per_code": {
        "blur": {
          "f1": 0.9090909090909091,
          "pr_auc": 0.85425357470812,
          "recall": 0.9090909090909091,
          "valid_positive_count": 11
        },
        "flash": {
          "f1": 0.8387096774193549,
          "pr_auc": 0.9752477257959715,
          "recall": 0.7222222222222222,
          "valid_positive_count": 18
        },
        "tunnel": {
          "f1": 0.0,
          "pr_auc": 0.41666666666666663,
          "recall": 0.0,
          "valid_positive_count": 2
        }
      },
      "threshold": 0.5,
      "valid_code_count": 3
    },
    {
      "best_epoch": 20,
      "early_stopping_monitor": null,
      "epochs_ran": 20,
      "fold": 1,
      "macro_f1": 0.7420112781954886,
      "macro_pr_auc": 0.7420460874408242,
      "macro_recall": 0.8280701754385965,
      "per_code": {
        "blur": {
          "f1": 0.8421052631578947,
          "pr_auc": 0.9037698412698413,
          "recall": 0.8,
          "valid_positive_count": 10
        },
        "flash": {
          "f1": 0.8125,
          "pr_auc": 0.9973684210526315,
          "recall": 0.6842105263157895,
          "valid_positive_count": 19
        },
        "tunnel": {
          "f1": 0.5714285714285714,
          "pr_auc": 0.325,
          "recall": 1.0,
          "valid_positive_count": 2
        }
      },
      "threshold": 0.5,
      "valid_code_count": 3
    },
    {
      "best_epoch": 20,
      "early_stopping_monitor": null,
      "epochs_ran": 20,
      "fold": 2,
      "macro_f1": 0.7067226890756303,
      "macro_pr_auc": 0.8220093688049173,
      "macro_recall": 0.6447811447811448,
      "per_code": {
        "blur": {
          "f1": 0.7058823529411765,
          "pr_auc": 0.894077134986226,
          "recall": 0.5454545454545454,
          "valid_positive_count": 11
        },
        "flash": {
          "f1": 0.9142857142857143,
          "pr_auc": 0.9469509714285258,
          "recall": 0.8888888888888888,
          "valid_positive_count": 18
        },
        "tunnel": {
          "f1": 0.5,
          "pr_auc": 0.625,
          "recall": 0.5,
          "valid_positive_count": 2
        }
      },
      "threshold": 0.5,
      "valid_code_count": 3
    },
    {
      "best_epoch": 20,
      "early_stopping_monitor": null,
      "epochs_ran": 20,
      "fold": 3,
      "macro_f1": 0.6584795321637427,
      "macro_pr_auc": 0.746555759055759,
      "macro_recall": 0.6555555555555556,
      "per_code": {
        "blur": {
          "f1": 0.8421052631578947,
          "pr_auc": 0.8646672771672771,
          "recall": 0.8,
          "valid_positive_count": 10
        },
        "flash": {
          "f1": 0.8,
          "pr_auc": 1.0,
          "recall": 0.6666666666666666,
          "valid_positive_count": 18
        },
        "tunnel": {
          "f1": 0.3333333333333333,
          "pr_auc": 0.375,
          "recall": 0.5,
          "valid_positive_count": 2
        }
      },
      "threshold": 0.5,
      "valid_code_count": 3
    },
    {
      "best_epoch": 20,
      "early_stopping_monitor": null,
      "epochs_ran": 20,
      "fold": 4,
      "macro_f1": 0.8273550724637682,
      "macro_pr_auc": 0.8820268387644733,
      "macro_recall": 0.8644338118022329,
      "per_code": {
        "blur": {
          "f1": 0.8695652173913043,
          "pr_auc": 0.8309670424643687,
          "recall": 0.9090909090909091,
          "valid_positive_count": 11
        },
        "flash": {
          "f1": 0.8125,
          "pr_auc": 0.981780140495718,
          "recall": 0.6842105263157895,
          "valid_positive_count": 19
        },
        "tunnel": {
          "f1": 0.8,
          "pr_auc": 0.8333333333333333,
          "recall": 1.0,
          "valid_positive_count": 2
        }
      },
      "threshold": 0.5,
      "valid_code_count": 3
    }
  ],
  "fold_scheme": "weld_independent",
  "mode": "window_mil",
  "run_folds": [
    0,
    1,
    2,
    3,
    4
  ],
  "sample_count": 101
}
runs=1 ok=True
OK /home/user/PROJECT/MMDII/MMDII-Core/outputs/time-frequency-v0-2-1/seed-7-raw_plus_stft-separable_cnn2d-mean samples=101
{
  "aggregator": "max",
  "completed_fold_count": 5,
  "fold_count": 5,
  "fold_metrics": [
    {
      "best_epoch": 20,
      "early_stopping_monitor": null,
      "epochs_ran": 20,
      "fold": 0,
      "macro_f1": 0.7301587301587301,
      "macro_pr_auc": 0.7837035317018978,
      "macro_recall": 0.7727272727272728,
      "per_code": {
        "blur": {
          "f1": 0.8571428571428571,
          "pr_auc": 0.9617715617715619,
          "recall": 0.8181818181818182,
          "valid_positive_count": 11
        },
        "flash": {
          "f1": 0.6666666666666666,
          "pr_auc": 0.9726723666674648,
          "recall": 0.5,
          "valid_positive_count": 18
        },
        "tunnel": {
          "f1": 0.6666666666666666,
          "pr_auc": 0.41666666666666663,
          "recall": 1.0,
          "valid_positive_count": 2
        }
      },
      "threshold": 0.5,
      "valid_code_count": 3
    },
    {
      "best_epoch": 20,
      "early_stopping_monitor": null,
      "epochs_ran": 20,
      "fold": 1,
      "macro_f1": 0.03333333333333333,
      "macro_pr_auc": 0.649452557050732,
      "macro_recall": 0.017543859649122806,
      "per_code": {
        "blur": {
          "f1": 0.0,
          "pr_auc": 0.8724450549450549,
          "recall": 0.0,
          "valid_positive_count": 10
        },
        "flash": {
          "f1": 0.1,
          "pr_auc": 0.9536903939849188,
          "recall": 0.05263157894736842,
          "valid_positive_count": 19
        },
        "tunnel": {
          "f1": 0.0,
          "pr_auc": 0.12222222222222222,
          "recall": 0.0,
          "valid_positive_count": 2
        }
      },
      "threshold": 0.5,
      "valid_code_count": 3
    },
    {
      "best_epoch": 20,
      "early_stopping_monitor": null,
      "epochs_ran": 20,
      "fold": 2,
      "macro_f1": 0.6301587301587301,
      "macro_pr_auc": 0.8439855042028089,
      "macro_recall": 0.7171717171717171,
      "per_code": {
        "blur": {
          "f1": 0.8571428571428571,
          "pr_auc": 0.953063098517644,
          "recall": 0.8181818181818182,
          "valid_positive_count": 11
        },
        "flash": {
          "f1": 0.8333333333333334,
          "pr_auc": 0.9677823029796715,
          "recall": 0.8333333333333334,
          "valid_positive_count": 18
        },
        "tunnel": {
          "f1": 0.2,
          "pr_auc": 0.6111111111111112,
          "recall": 0.5,
          "valid_positive_count": 2
        }
      },
      "threshold": 0.5,
      "valid_code_count": 3
    },
    {
      "best_epoch": 20,
      "early_stopping_monitor": null,
      "epochs_ran": 20,
      "fold": 3,
      "macro_f1": 0.5523809523809523,
      "macro_pr_auc": 0.6789982180479256,
      "macro_recall": 0.5222222222222223,
      "per_code": {
        "blur": {
          "f1": 0.8571428571428571,
          "pr_auc": 0.8895959595959596,
          "recall": 0.9,
          "valid_positive_count": 10
        },
        "flash": {
          "f1": 0.8,
          "pr_auc": 0.9939896036387266,
          "recall": 0.6666666666666666,
          "valid_positive_count": 18
        },
        "tunnel": {
          "f1": 0.0,
          "pr_auc": 0.1534090909090909,
          "recall": 0.0,
          "valid_positive_count": 2
        }
      },
      "threshold": 0.5,
      "valid_code_count": 3
    },
    {
      "best_epoch": 20,
      "early_stopping_monitor": null,
      "epochs_ran": 20,
      "fold": 4,
      "macro_f1": 0.11594202898550725,
      "macro_pr_auc": 0.8862735479506703,
      "macro_recall": 0.07017543859649122,
      "per_code": {
        "blur": {
          "f1": 0.0,
          "pr_auc": 0.9348484848484848,
          "recall": 0.0,
          "valid_positive_count": 11
        },
        "flash": {
          "f1": 0.34782608695652173,
          "pr_auc": 0.973972159003526,
          "recall": 0.21052631578947367,
          "valid_positive_count": 19
        },
        "tunnel": {
          "f1": 0.0,
          "pr_auc": 0.75,
          "recall": 0.0,
          "valid_positive_count": 2
        }
      },
      "threshold": 0.5,
      "valid_code_count": 3
    }
  ],
  "fold_scheme": "weld_independent",
  "mode": "window_mil",
  "run_folds": [
    0,
    1,
    2,
    3,
    4
  ],
  "sample_count": 101
}
runs=1 ok=True
OK /home/user/PROJECT/MMDII/MMDII-Core/outputs/time-frequency-v0-2-1/seed-7-raw_plus_stft-separable_cnn2d-max samples=101
{
  "aggregator": "topk_mean",
  "completed_fold_count": 5,
  "fold_count": 5,
  "fold_metrics": [
    {
      "best_epoch": 20,
      "early_stopping_monitor": null,
      "epochs_ran": 20,
      "fold": 0,
      "macro_f1": 0.3826086956521739,
      "macro_pr_auc": 0.6774786189711371,
      "macro_recall": 0.3164983164983165,
      "per_code": {
        "blur": {
          "f1": 0.8,
          "pr_auc": 0.9617715617715619,
          "recall": 0.7272727272727273,
          "valid_positive_count": 11
        },
        "flash": {
          "f1": 0.34782608695652173,
          "pr_auc": 0.9297552042327586,
          "recall": 0.2222222222222222,
          "valid_positive_count": 18
        },
        "tunnel": {
          "f1": 0.0,
          "pr_auc": 0.14090909090909093,
          "recall": 0.0,
          "valid_positive_count": 2
        }
      },
      "threshold": 0.5,
      "valid_code_count": 3
    },
    {
      "best_epoch": 20,
      "early_stopping_monitor": null,
      "epochs_ran": 20,
      "fold": 1,
      "macro_f1": 0.4598997493734336,
      "macro_pr_auc": 0.6473861147211318,
      "macro_recall": 0.39122807017543854,
      "per_code": {
        "blur": {
          "f1": 0.7368421052631579,
          "pr_auc": 0.86007215007215,
          "recall": 0.7,
          "valid_positive_count": 10
        },
        "flash": {
          "f1": 0.6428571428571429,
          "pr_auc": 0.9695861940912454,
          "recall": 0.47368421052631576,
          "valid_positive_count": 19
        },
        "tunnel": {
          "f1": 0.0,
          "pr_auc": 0.1125,
          "recall": 0.0,
          "valid_positive_count": 2
        }
      },
      "threshold": 0.5,
      "valid_code_count": 3
    },
    {
      "best_epoch": 20,
      "early_stopping_monitor": null,
      "epochs_ran": 20,
      "fold": 2,
      "macro_f1": 0.726890756302521,
      "macro_pr_auc": 0.8263829640463628,
      "macro_recall": 0.6986531986531986,
      "per_code": {
        "blur": {
          "f1": 0.8571428571428571,
          "pr_auc": 0.9289849039849041,
          "recall": 0.8181818181818182,
          "valid_positive_count": 11
        },
        "flash": {
          "f1": 0.8235294117647058,
          "pr_auc": 0.9390528770430732,
          "recall": 0.7777777777777778,
          "valid_positive_count": 18
        },
        "tunnel": {
          "f1": 0.5,
          "pr_auc": 0.6111111111111112,
          "recall": 0.5,
          "valid_positive_count": 2
        }
      },
      "threshold": 0.5,
      "valid_code_count": 3
    },
    {
      "best_epoch": 20,
      "early_stopping_monitor": null,
      "epochs_ran": 20,
      "fold": 3,
      "macro_f1": 0.14492753623188406,
      "macro_pr_auc": 0.6685013846344257,
      "macro_recall": 0.0925925925925926,
      "per_code": {
        "blur": {
          "f1": 0.0,
          "pr_auc": 0.8703711484593837,
          "recall": 0.0,
          "valid_positive_count": 10
        },
        "flash": {
          "f1": 0.43478260869565216,
          "pr_auc": 0.9795774498883376,
          "recall": 0.2777777777777778,
          "valid_positive_count": 18
        },
        "tunnel": {
          "f1": 0.0,
          "pr_auc": 0.15555555555555556,
          "recall": 0.0,
          "valid_positive_count": 2
        }
      },
      "threshold": 0.5,
      "valid_code_count": 3
    },
    {
      "best_epoch": 20,
      "early_stopping_monitor": null,
      "epochs_ran": 20,
      "fold": 4,
      "macro_f1": 0.0,
      "macro_pr_auc": 0.9086353744990997,
      "macro_recall": 0.0,
      "per_code": {
        "blur": {
          "f1": 0.0,
          "pr_auc": 0.9072838777384233,
          "recall": 0.0,
          "valid_positive_count": 11
        },
        "flash": {
          "f1": 0.0,
          "pr_auc": 0.9852889124255426,
          "recall": 0.0,
          "valid_positive_count": 19
        },
        "tunnel": {
          "f1": 0.0,
          "pr_auc": 0.8333333333333333,
          "recall": 0.0,
          "valid_positive_count": 2
        }
      },
      "threshold": 0.5,
      "valid_code_count": 3
    }
  ],
  "fold_scheme": "weld_independent",
  "mode": "window_mil",
  "run_folds": [
    0,
    1,
    2,
    3,
    4
  ],
  "sample_count": 101
}
runs=1 ok=True
OK /home/user/PROJECT/MMDII/MMDII-Core/outputs/time-frequency-v0-2-1/seed-7-raw_plus_stft-separable_cnn2d-topk_mean samples=101
{
  "aggregator": "gated_attention",
  "completed_fold_count": 5,
  "fold_count": 5,
  "fold_metrics": [
    {
      "best_epoch": 20,
      "early_stopping_monitor": null,
      "epochs_ran": 20,
      "fold": 0,
      "macro_f1": 0.6909698488645857,
      "macro_pr_auc": 0.9513036693711476,
      "macro_recall": 0.9090909090909092,
      "per_code": {
        "blur": {
          "f1": 0.7619047619047619,
          "pr_auc": 0.8992358651449561,
          "recall": 0.7272727272727273,
          "valid_positive_count": 11
        },
        "flash": {
          "f1": 0.9473684210526315,
          "pr_auc": 0.9546751429684868,
          "recall": 1.0,
          "valid_positive_count": 18
        },
        "tunnel": {
          "f1": 0.36363636363636365,
          "pr_auc": 1.0,
          "recall": 1.0,
          "valid_positive_count": 2
        }
      },
      "threshold": 0.5,
      "valid_code_count": 3
    },
    {
      "best_epoch": 20,
      "early_stopping_monitor": null,
      "epochs_ran": 20,
      "fold": 1,
      "macro_f1": 0.7077922077922079,
      "macro_pr_auc": 0.7373293488748923,
      "macro_recall": 0.8245614035087719,
      "per_code": {
        "blur": {
          "f1": 0.9090909090909091,
          "pr_auc": 0.9016991341991342,
          "recall": 1.0,
          "valid_positive_count": 10
        },
        "flash": {
          "f1": 0.6428571428571429,
          "pr_auc": 0.9852889124255426,
          "recall": 0.47368421052631576,
          "valid_positive_count": 19
        },
        "tunnel": {
          "f1": 0.5714285714285714,
          "pr_auc": 0.325,
          "recall": 1.0,
          "valid_positive_count": 2
        }
      },
      "threshold": 0.5,
      "valid_code_count": 3
    },
    {
      "best_epoch": 20,
      "early_stopping_monitor": null,
      "epochs_ran": 20,
      "fold": 2,
      "macro_f1": 0.6479377104377105,
      "macro_pr_auc": 0.8443293124413541,
      "macro_recall": 0.7104377104377105,
      "per_code": {
        "blur": {
          "f1": 0.9090909090909091,
          "pr_auc": 0.9404580565008374,
          "recall": 0.9090909090909091,
          "valid_positive_count": 11
        },
        "flash": {
          "f1": 0.8125,
          "pr_auc": 0.9675298808232247,
          "recall": 0.7222222222222222,
          "valid_positive_count": 18
        },
        "tunnel": {
          "f1": 0.2222222222222222,
          "pr_auc": 0.625,
          "recall": 0.5,
          "valid_positive_count": 2
        }
      },
      "threshold": 0.5,
      "valid_code_count": 3
    },
    {
      "best_epoch": 20,
      "early_stopping_monitor": null,
      "epochs_ran": 20,
      "fold": 3,
      "macro_f1": 0.7557975398265779,
      "macro_pr_auc": 0.8503022716559009,
      "macro_recall": 0.6370370370370371,
      "per_code": {
        "blur": {
          "f1": 0.8421052631578947,
          "pr_auc": 0.9006944444444444,
          "recall": 0.8,
          "valid_positive_count": 10
        },
        "flash": {
          "f1": 0.7586206896551724,
          "pr_auc": 0.9835457038565916,
          "recall": 0.6111111111111112,
          "valid_positive_count": 18
        },
        "tunnel": {
          "f1": 0.6666666666666666,
          "pr_auc": 0.6666666666666666,
          "recall": 0.5,
          "valid_positive_count": 2
        }
      },
      "threshold": 0.5,
      "valid_code_count": 3
    },
    {
      "best_epoch": 20,
      "early_stopping_monitor": null,
      "epochs_ran": 20,
      "fold": 4,
      "macro_f1": 0.25806451612903225,
      "macro_pr_auc": 0.9118209653465256,
      "macro_recall": 0.21052631578947367,
      "per_code": {
        "blur": {
          "f1": 0.0,
          "pr_auc": 0.9104552013642924,
          "recall": 0.0,
          "valid_positive_count": 11
        },
        "flash": {
          "f1": 0.7741935483870968,
          "pr_auc": 0.9916743613419512,
          "recall": 0.631578947368421,
          "valid_positive_count": 19
        },
        "tunnel": {
          "f1": 0.0,
          "pr_auc": 0.8333333333333333,
          "recall": 0.0,
          "valid_positive_count": 2
        }
      },
      "threshold": 0.5,
      "valid_code_count": 3
    }
  ],
  "fold_scheme": "weld_independent",
  "mode": "window_mil",
  "run_folds": [
    0,
    1,
    2,
    3,
    4
  ],
  "sample_count": 101
}
runs=1 ok=True
OK /home/user/PROJECT/MMDII/MMDII-Core/outputs/time-frequency-v0-2-1/seed-7-raw_plus_stft-separable_cnn2d-gated_attention samples=101
{
  "aggregator": "mean",
  "completed_fold_count": 5,
  "fold_count": 5,
  "fold_metrics": [
    {
      "best_epoch": 20,
      "early_stopping_monitor": null,
      "epochs_ran": 20,
      "fold": 0,
      "macro_f1": 0.719047619047619,
      "macro_pr_auc": 0.8467867935344557,
      "macro_recall": 0.8535353535353535,
      "per_code": {
        "blur": {
          "f1": 0.8,
          "pr_auc": 0.8023887728433181,
          "recall": 0.7272727272727273,
          "valid_positive_count": 11
        },
        "flash": {
          "f1": 0.8571428571428571,
          "pr_auc": 0.9046382744267162,
          "recall": 0.8333333333333334,
          "valid_positive_count": 18
        },
        "tunnel": {
          "f1": 0.5,
          "pr_auc": 0.8333333333333333,
          "recall": 1.0,
          "valid_positive_count": 2
        }
      },
      "threshold": 0.5,
      "valid_code_count": 3
    },
    {
      "best_epoch": 20,
      "early_stopping_monitor": null,
      "epochs_ran": 20,
      "fold": 1,
      "macro_f1": 0.6157550739594083,
      "macro_pr_auc": 0.7144689542483659,
      "macro_recall": 0.6298245614035087,
      "per_code": {
        "blur": {
          "f1": 0.631578947368421,
          "pr_auc": 0.8184068627450979,
          "recall": 0.6,
          "valid_positive_count": 10
        },
        "flash": {
          "f1": 0.8823529411764706,
          "pr_auc": 0.9999999999999998,
          "recall": 0.7894736842105263,
          "valid_positive_count": 19
        },
        "tunnel": {
          "f1": 0.3333333333333333,
          "pr_auc": 0.325,
          "recall": 0.5,
          "valid_positive_count": 2
        }
      },
      "threshold": 0.5,
      "valid_code_count": 3
    },
    {
      "best_epoch": 20,
      "early_stopping_monitor": null,
      "epochs_ran": 20,
      "fold": 2,
      "macro_f1": 0.7441558441558441,
      "macro_pr_auc": 0.8232312436379031,
      "macro_recall": 0.7356902356902357,
      "per_code": {
        "blur": {
          "f1": 0.8181818181818182,
          "pr_auc": 0.8846254755345666,
          "recall": 0.8181818181818182,
          "valid_positive_count": 11
        },
        "flash": {
          "f1": 0.9142857142857143,
          "pr_auc": 0.960068255379143,
          "recall": 0.8888888888888888,
          "valid_positive_count": 18
        },
        "tunnel": {
          "f1": 0.5,
          "pr_auc": 0.625,
          "recall": 0.5,
          "valid_positive_count": 2
        }
      },
      "threshold": 0.5,
      "valid_code_count": 3
    },
    {
      "best_epoch": 20,
      "early_stopping_monitor": null,
      "epochs_ran": 20,
      "fold": 3,
      "macro_f1": 0.7057017543859648,
      "macro_pr_auc": 0.8511280243091388,
      "macro_recall": 0.6925925925925926,
      "per_code": {
        "blur": {
          "f1": 0.8421052631578947,
          "pr_auc": 0.9013888888888889,
          "recall": 0.8,
          "valid_positive_count": 10
        },
        "flash": {
          "f1": 0.875,
          "pr_auc": 0.9853285173718611,
          "recall": 0.7777777777777778,
          "valid_positive_count": 18
        },
        "tunnel": {
          "f1": 0.4,
          "pr_auc": 0.6666666666666666,
          "recall": 0.5,
          "valid_positive_count": 2
        }
      },
      "threshold": 0.5,
      "valid_code_count": 3
    },
    {
      "best_epoch": 20,
      "early_stopping_monitor": null,
      "epochs_ran": 20,
      "fold": 4,
      "macro_f1": 0.7422360248447205,
      "macro_pr_auc": 0.9318776514495107,
      "macro_recall": 0.7328548644338118,
      "per_code": {
        "blur": {
          "f1": 0.8695652173913043,
          "pr_auc": 0.9805194805194806,
          "recall": 0.9090909090909091,
          "valid_positive_count": 11
        },
        "flash": {
          "f1": 0.8571428571428571,
          "pr_auc": 0.981780140495718,
          "recall": 0.7894736842105263,
          "valid_positive_count": 19
        },
        "tunnel": {
          "f1": 0.5,
          "pr_auc": 0.8333333333333333,
          "recall": 0.5,
          "valid_positive_count": 2
        }
      },
      "threshold": 0.5,
      "valid_code_count": 3
    }
  ],
  "fold_scheme": "weld_independent",
  "mode": "window_mil",
  "run_folds": [
    0,
    1,
    2,
    3,
    4
  ],
  "sample_count": 101
}
runs=1 ok=True
OK /home/user/PROJECT/MMDII/MMDII-Core/outputs/time-frequency-v0-2-1/seed-7-raw_plus_stft-resnet2d_small-mean samples=101
{
  "aggregator": "max",
  "completed_fold_count": 5,
  "fold_count": 5,
  "fold_metrics": [
    {
      "best_epoch": 20,
      "early_stopping_monitor": null,
      "epochs_ran": 20,
      "fold": 0,
      "macro_f1": 0.5331262939958593,
      "macro_pr_auc": 0.7006486723963349,
      "macro_recall": 0.5,
      "per_code": {
        "blur": {
          "f1": 0.9565217391304348,
          "pr_auc": 0.9649678604224059,
          "recall": 1.0,
          "valid_positive_count": 11
        },
        "flash": {
          "f1": 0.6428571428571429,
          "pr_auc": 0.9425337123221541,
          "recall": 0.5,
          "valid_positive_count": 18
        },
        "tunnel": {
          "f1": 0.0,
          "pr_auc": 0.19444444444444442,
          "recall": 0.0,
          "valid_positive_count": 2
        }
      },
      "threshold": 0.5,
      "valid_code_count": 3
    },
    {
      "best_epoch": 20,
      "early_stopping_monitor": null,
      "epochs_ran": 20,
      "fold": 1,
      "macro_f1": 0.2747252747252747,
      "macro_pr_auc": 0.7062492204263426,
      "macro_recall": 0.2894736842105263,
      "per_code": {
        "blur": {
          "f1": 0.0,
          "pr_auc": 0.783664391164391,
          "recall": 0.0,
          "valid_positive_count": 10
        },
        "flash": {
          "f1": 0.5384615384615384,
          "pr_auc": 0.973972159003526,
          "recall": 0.3684210526315789,
          "valid_positive_count": 19
        },
        "tunnel": {
          "f1": 0.2857142857142857,
          "pr_auc": 0.3611111111111111,
          "recall": 0.5,
          "valid_positive_count": 2
        }
      },
      "threshold": 0.5,
      "valid_code_count": 3
    },
    {
      "best_epoch": 20,
      "early_stopping_monitor": null,
      "epochs_ran": 20,
      "fold": 2,
      "macro_f1": 0.7000777000777001,
      "macro_pr_auc": 0.8327280853436371,
      "macro_recall": 0.5875420875420875,
      "per_code": {
        "blur": {
          "f1": 0.8181818181818182,
          "pr_auc": 0.9242145414394218,
          "recall": 0.8181818181818182,
          "valid_positive_count": 11
        },
        "flash": {
          "f1": 0.6153846153846154,
          "pr_auc": 0.9489697145914897,
          "recall": 0.4444444444444444,
          "valid_positive_count": 18
        },
        "tunnel": {
          "f1": 0.6666666666666666,
          "pr_auc": 0.625,
          "recall": 0.5,
          "valid_positive_count": 2
        }
      },
      "threshold": 0.5,
      "valid_code_count": 3
    },
    {
      "best_epoch": 20,
      "early_stopping_monitor": null,
      "epochs_ran": 20,
      "fold": 3,
      "macro_f1": 0.5668449197860963,
      "macro_pr_auc": 0.6772351219440144,
      "macro_recall": 0.5777777777777778,
      "per_code": {
        "blur": {
          "f1": 0.8181818181818182,
          "pr_auc": 0.889734753550543,
          "recall": 0.9,
          "valid_positive_count": 10
        },
        "flash": {
          "f1": 0.8823529411764706,
          "pr_auc": 0.9753039456148334,
          "recall": 0.8333333333333334,
          "valid_positive_count": 18
        },
        "tunnel": {
          "f1": 0.0,
          "pr_auc": 0.16666666666666666,
          "recall": 0.0,
          "valid_positive_count": 2
        }
      },
      "threshold": 0.5,
      "valid_code_count": 3
    },
    {
      "best_epoch": 20,
      "early_stopping_monitor": null,
      "epochs_ran": 20,
      "fold": 4,
      "macro_f1": 0.619047619047619,
      "macro_pr_auc": 0.7510426504590072,
      "macro_recall": 0.6148325358851675,
      "per_code": {
        "blur": {
          "f1": 0.8571428571428571,
          "pr_auc": 0.9633264462809918,
          "recall": 0.8181818181818182,
          "valid_positive_count": 11
        },
        "flash": {
          "f1": 0.6666666666666666,
          "pr_auc": 0.9648015050960299,
          "recall": 0.5263157894736842,
          "valid_positive_count": 19
        },
        "tunnel": {
          "f1": 0.3333333333333333,
          "pr_auc": 0.325,
          "recall": 0.5,
          "valid_positive_count": 2
        }
      },
      "threshold": 0.5,
      "valid_code_count": 3
    }
  ],
  "fold_scheme": "weld_independent",
  "mode": "window_mil",
  "run_folds": [
    0,
    1,
    2,
    3,
    4
  ],
  "sample_count": 101
}
runs=1 ok=True
OK /home/user/PROJECT/MMDII/MMDII-Core/outputs/time-frequency-v0-2-1/seed-7-raw_plus_stft-resnet2d_small-max samples=101
{
  "aggregator": "topk_mean",
  "completed_fold_count": 5,
  "fold_count": 5,
  "fold_metrics": [
    {
      "best_epoch": 20,
      "early_stopping_monitor": null,
      "epochs_ran": 20,
      "fold": 0,
      "macro_f1": 0.47338935574229696,
      "macro_pr_auc": 0.7022072361904508,
      "macro_recall": 0.367003367003367,
      "per_code": {
        "blur": {
          "f1": 0.7058823529411765,
          "pr_auc": 0.9649678604224059,
          "recall": 0.5454545454545454,
          "valid_positive_count": 11
        },
        "flash": {
          "f1": 0.7142857142857143,
          "pr_auc": 0.9680427370378353,
          "recall": 0.5555555555555556,
          "valid_positive_count": 18
        },
        "tunnel": {
          "f1": 0.0,
          "pr_auc": 0.1736111111111111,
          "recall": 0.0,
          "valid_positive_count": 2
        }
      },
      "threshold": 0.5,
      "valid_code_count": 3
    },
    {
      "best_epoch": 20,
      "early_stopping_monitor": null,
      "epochs_ran": 20,
      "fold": 1,
      "macro_f1": 0.39206349206349206,
      "macro_pr_auc": 0.6600768424660391,
      "macro_recall": 0.2912280701754386,
      "per_code": {
        "blur": {
          "f1": 0.5333333333333333,
          "pr_auc": 0.838556166056166,
          "recall": 0.4,
          "valid_positive_count": 10
        },
        "flash": {
          "f1": 0.6428571428571429,
          "pr_auc": 0.9916743613419512,
          "recall": 0.47368421052631576,
          "valid_positive_count": 19
        },
        "tunnel": {
          "f1": 0.0,
          "pr_auc": 0.15000000000000002,
          "recall": 0.0,
          "valid_positive_count": 2
        }
      },
      "threshold": 0.5,
      "valid_code_count": 3
    },
    {
      "best_epoch": 20,
      "early_stopping_monitor": null,
      "epochs_ran": 20,
      "fold": 2,
      "macro_f1": 0.7196969696969697,
      "macro_pr_auc": 0.7506150991902469,
      "macro_recall": 0.6919191919191919,
      "per_code": {
        "blur": {
          "f1": 0.9090909090909091,
          "pr_auc": 0.8235518203221551,
          "recall": 0.9090909090909091,
          "valid_positive_count": 11
        },
        "flash": {
          "f1": 0.75,
          "pr_auc": 0.7854363343914429,
          "recall": 0.6666666666666666,
          "valid_positive_count": 18
        },
        "tunnel": {
          "f1": 0.5,
          "pr_auc": 0.6428571428571428,
          "recall": 0.5,
          "valid_positive_count": 2
        }
      },
      "threshold": 0.5,
      "valid_code_count": 3
    },
    {
      "best_epoch": 20,
      "early_stopping_monitor": null,
      "epochs_ran": 20,
      "fold": 3,
      "macro_f1": 0.6731481481481482,
      "macro_pr_auc": 0.7524133531077976,
      "macro_recall": 0.825925925925926,
      "per_code": {
        "blur": {
          "f1": 0.7,
          "pr_auc": 0.8797650878533231,
          "recall": 0.7,
          "valid_positive_count": 10
        },
        "flash": {
          "f1": 0.875,
          "pr_auc": 0.9846178286129268,
          "recall": 0.7777777777777778,
          "valid_positive_count": 18
        },
        "tunnel": {
          "f1": 0.4444444444444444,
          "pr_auc": 0.39285714285714285,
          "recall": 1.0,
          "valid_positive_count": 2
        }
      },
      "threshold": 0.5,
      "valid_code_count": 3
    },
    {
      "best_epoch": 20,
      "early_stopping_monitor": null,
      "epochs_ran": 20,
      "fold": 4,
      "macro_f1": 0.7444444444444445,
      "macro_pr_auc": 0.9497675588131022,
      "macro_recall": 0.8293460925039873,
      "per_code": {
        "blur": {
          "f1": 0.8333333333333334,
          "pr_auc": 0.864013764013764,
          "recall": 0.9090909090909091,
          "valid_positive_count": 11
        },
        "flash": {
          "f1": 0.7333333333333333,
          "pr_auc": 0.9852889124255426,
          "recall": 0.5789473684210527,
          "valid_positive_count": 19
        },
        "tunnel": {
          "f1": 0.6666666666666666,
          "pr_auc": 1.0,
          "recall": 1.0,
          "valid_positive_count": 2
        }
      },
      "threshold": 0.5,
      "valid_code_count": 3
    }
  ],
  "fold_scheme": "weld_independent",
  "mode": "window_mil",
  "run_folds": [
    0,
    1,
    2,
    3,
    4
  ],
  "sample_count": 101
}
runs=1 ok=True
OK /home/user/PROJECT/MMDII/MMDII-Core/outputs/time-frequency-v0-2-1/seed-7-raw_plus_stft-resnet2d_small-topk_mean samples=101
{
  "aggregator": "gated_attention",
  "completed_fold_count": 5,
  "fold_count": 5,
  "fold_metrics": [
    {
      "best_epoch": 20,
      "early_stopping_monitor": null,
      "epochs_ran": 20,
      "fold": 0,
      "macro_f1": 0.6077922077922078,
      "macro_pr_auc": 0.7441073303566269,
      "macro_recall": 0.5993265993265994,
      "per_code": {
        "blur": {
          "f1": 0.9090909090909091,
          "pr_auc": 0.9254656959202414,
          "recall": 0.9090909090909091,
          "valid_positive_count": 11
        },
        "flash": {
          "f1": 0.9142857142857143,
          "pr_auc": 0.9818562951496389,
          "recall": 0.8888888888888888,
          "valid_positive_count": 18
        },
        "tunnel": {
          "f1": 0.0,
          "pr_auc": 0.325,
          "recall": 0.0,
          "valid_positive_count": 2
        }
      },
      "threshold": 0.5,
      "valid_code_count": 3
    },
    {
      "best_epoch": 20,
      "early_stopping_monitor": null,
      "epochs_ran": 20,
      "fold": 1,
      "macro_f1": 0.6507936507936507,
      "macro_pr_auc": 0.7665248755704189,
      "macro_recall": 0.6807017543859649,
      "per_code": {
        "blur": {
          "f1": 0.7777777777777778,
          "pr_auc": 0.8976190476190475,
          "recall": 0.7,
          "valid_positive_count": 10
        },
        "flash": {
          "f1": 0.8888888888888888,
          "pr_auc": 0.9852889124255426,
          "recall": 0.8421052631578947,
          "valid_positive_count": 19
        },
        "tunnel": {
          "f1": 0.2857142857142857,
          "pr_auc": 0.41666666666666663,
          "recall": 0.5,
          "valid_positive_count": 2
        }
      },
      "threshold": 0.5,
      "valid_code_count": 3
    },
    {
      "best_epoch": 20,
      "early_stopping_monitor": null,
      "epochs_ran": 20,
      "fold": 2,
      "macro_f1": 0.7414860681114551,
      "macro_pr_auc": 0.8450870555854216,
      "macro_recall": 0.6868686868686869,
      "per_code": {
        "blur": {
          "f1": 0.8421052631578947,
          "pr_auc": 0.9456168831168832,
          "recall": 0.7272727272727273,
          "valid_positive_count": 11
        },
        "flash": {
          "f1": 0.8823529411764706,
          "pr_auc": 0.9785331725282707,
          "recall": 0.8333333333333334,
          "valid_positive_count": 18
        },
        "tunnel": {
          "f1": 0.5,
          "pr_auc": 0.6111111111111112,
          "recall": 0.5,
          "valid_positive_count": 2
        }
      },
      "threshold": 0.5,
      "valid_code_count": 3
    },
    {
      "best_epoch": 20,
      "early_stopping_monitor": null,
      "epochs_ran": 20,
      "fold": 3,
      "macro_f1": 0.6968633705475811,
      "macro_pr_auc": 0.8295747900731562,
      "macro_recall": 0.6925925925925926,
      "per_code": {
        "blur": {
          "f1": 0.8421052631578947,
          "pr_auc": 0.8828102453102452,
          "recall": 0.8,
          "valid_positive_count": 10
        },
        "flash": {
          "f1": 0.8484848484848485,
          "pr_auc": 0.980914124909223,
          "recall": 0.7777777777777778,
          "valid_positive_count": 18
        },
        "tunnel": {
          "f1": 0.4,
          "pr_auc": 0.625,
          "recall": 0.5,
          "valid_positive_count": 2
        }
      },
      "threshold": 0.5,
      "valid_code_count": 3
    },
    {
      "best_epoch": 20,
      "early_stopping_monitor": null,
      "epochs_ran": 20,
      "fold": 4,
      "macro_f1": 0.7173060528559249,
      "macro_pr_auc": 0.8845484924432293,
      "macro_recall": 0.7328548644338118,
      "per_code": {
        "blur": {
          "f1": 0.8695652173913043,
          "pr_auc": 0.9562770562770564,
          "recall": 0.9090909090909091,
          "valid_positive_count": 11
        },
        "flash": {
          "f1": 0.8823529411764706,
          "pr_auc": 0.9973684210526315,
          "recall": 0.7894736842105263,
          "valid_positive_count": 19
        },
        "tunnel": {
          "f1": 0.4,
          "pr_auc": 0.7,
          "recall": 0.5,
          "valid_positive_count": 2
        }
      },
      "threshold": 0.5,
      "valid_code_count": 3
    }
  ],
  "fold_scheme": "weld_independent",
  "mode": "window_mil",
  "run_folds": [
    0,
    1,
    2,
    3,
    4
  ],
  "sample_count": 101
}
runs=1 ok=True
OK /home/user/PROJECT/MMDII/MMDII-Core/outputs/time-frequency-v0-2-1/seed-7-raw_plus_stft-resnet2d_small-gated_attention samples=101
{
  "aggregator": "mean",
  "completed_fold_count": 5,
  "fold_count": 5,
  "fold_metrics": [
    {
      "best_epoch": 20,
      "early_stopping_monitor": null,
      "epochs_ran": 20,
      "fold": 0,
      "macro_f1": 0.810966810966811,
      "macro_pr_auc": 0.9282289110876846,
      "macro_recall": 0.914141414141414,
      "per_code": {
        "blur": {
          "f1": 0.9090909090909091,
          "pr_auc": 0.8087990292535745,
          "recall": 0.9090909090909091,
          "valid_positive_count": 11
        },
        "flash": {
          "f1": 0.8571428571428571,
          "pr_auc": 0.9758877040094791,
          "recall": 0.8333333333333334,
          "valid_positive_count": 18
        },
        "tunnel": {
          "f1": 0.6666666666666666,
          "pr_auc": 1.0,
          "recall": 1.0,
          "valid_positive_count": 2
        }
      },
      "threshold": 0.5,
      "valid_code_count": 3
    },
    {
      "best_epoch": 20,
      "early_stopping_monitor": null,
      "epochs_ran": 20,
      "fold": 1,
      "macro_f1": 0.6981481481481482,
      "macro_pr_auc": 0.768395453679387,
      "macro_recall": 0.7649122807017544,
      "per_code": {
        "blur": {
          "f1": 0.75,
          "pr_auc": 0.8939213564213563,
          "recall": 0.9,
          "valid_positive_count": 10
        },
        "flash": {
          "f1": 0.9444444444444444,
          "pr_auc": 0.9945983379501384,
          "recall": 0.8947368421052632,
          "valid_positive_count": 19
        },
        "tunnel": {
          "f1": 0.4,
          "pr_auc": 0.41666666666666663,
          "recall": 0.5,
          "valid_positive_count": 2
        }
      },
      "threshold": 0.5,
      "valid_code_count": 3
    },
    {
      "best_epoch": 20,
      "early_stopping_monitor": null,
      "epochs_ran": 20,
      "fold": 2,
      "macro_f1": 0.6333333333333333,
      "macro_pr_auc": 0.8177298357973141,
      "macro_recall": 0.6750841750841751,
      "per_code": {
        "blur": {
          "f1": 0.7,
          "pr_auc": 0.8879083038173949,
          "recall": 0.6363636363636364,
          "valid_positive_count": 11
        },
        "flash": {
          "f1": 0.9142857142857143,
          "pr_auc": 0.9652812035745474,
          "recall": 0.8888888888888888,
          "valid_positive_count": 18
        },
        "tunnel": {
          "f1": 0.2857142857142857,
          "pr_auc": 0.6,
          "recall": 0.5,
          "valid_positive_count": 2
        }
      },
      "threshold": 0.5,
      "valid_code_count": 3
    },
    {
      "best_epoch": 20,
      "early_stopping_monitor": null,
      "epochs_ran": 20,
      "fold": 3,
      "macro_f1": 0.6626461988304093,
      "macro_pr_auc": 0.740882268586947,
      "macro_recall": 0.674074074074074,
      "per_code": {
        "blur": {
          "f1": 0.8421052631578947,
          "pr_auc": 0.8852704678362572,
          "recall": 0.8,
          "valid_positive_count": 10
        },
        "flash": {
          "f1": 0.8125,
          "pr_auc": 0.9623763379245838,
          "recall": 0.7222222222222222,
          "valid_positive_count": 18
        },
        "tunnel": {
          "f1": 0.3333333333333333,
          "pr_auc": 0.375,
          "recall": 0.5,
          "valid_positive_count": 2
        }
      },
      "threshold": 0.5,
      "valid_code_count": 3
    },
    {
      "best_epoch": 20,
      "early_stopping_monitor": null,
      "epochs_ran": 20,
      "fold": 4,
      "macro_f1": 0.7506393861892583,
      "macro_pr_auc": 0.8524747388176365,
      "macro_recall": 0.7328548644338118,
      "per_code": {
        "blur": {
          "f1": 0.8695652173913043,
          "pr_auc": 0.8188458303431565,
          "recall": 0.9090909090909091,
          "valid_positive_count": 11
        },
        "flash": {
          "f1": 0.8823529411764706,
          "pr_auc": 0.988578386109753,
          "recall": 0.7894736842105263,
          "valid_positive_count": 19
        },
        "tunnel": {
          "f1": 0.5,
          "pr_auc": 0.75,
          "recall": 0.5,
          "valid_positive_count": 2
        }
      },
      "threshold": 0.5,
      "valid_code_count": 3
    }
  ],
  "fold_scheme": "weld_independent",
  "mode": "window_mil",
  "run_folds": [
    0,
    1,
    2,
    3,
    4
  ],
  "sample_count": 101
}
runs=1 ok=True
OK /home/user/PROJECT/MMDII/MMDII-Core/outputs/time-frequency-v0-2-1/seed-7-raw_plus_stft-convnext2d_lite-mean samples=101
{
  "aggregator": "max",
  "completed_fold_count": 5,
  "fold_count": 5,
  "fold_metrics": [
    {
      "best_epoch": 20,
      "early_stopping_monitor": null,
      "epochs_ran": 20,
      "fold": 0,
      "macro_f1": 0.5671866447728516,
      "macro_pr_auc": 0.6884045314720098,
      "macro_recall": 0.5942760942760943,
      "per_code": {
        "blur": {
          "f1": 0.7619047619047619,
          "pr_auc": 0.8638212797303706,
          "recall": 0.7272727272727273,
          "valid_positive_count": 11
        },
        "flash": {
          "f1": 0.6896551724137931,
          "pr_auc": 0.9652812035745474,
          "recall": 0.5555555555555556,
          "valid_positive_count": 18
        },
        "tunnel": {
          "f1": 0.25,
          "pr_auc": 0.2361111111111111,
          "recall": 0.5,
          "valid_positive_count": 2
        }
      },
      "threshold": 0.5,
      "valid_code_count": 3
    },
    {
      "best_epoch": 20,
      "early_stopping_monitor": null,
      "epochs_ran": 20,
      "fold": 1,
      "macro_f1": 0.5050505050505051,
      "macro_pr_auc": 0.6917744146691515,
      "macro_recall": 0.4456140350877193,
      "per_code": {
        "blur": {
          "f1": 0.6666666666666666,
          "pr_auc": 0.8954151404151404,
          "recall": 0.6,
          "valid_positive_count": 10
        },
        "flash": {
          "f1": 0.8484848484848485,
          "pr_auc": 0.9973684210526315,
          "recall": 0.7368421052631579,
          "valid_positive_count": 19
        },
        "tunnel": {
          "f1": 0.0,
          "pr_auc": 0.18253968253968253,
          "recall": 0.0,
          "valid_positive_count": 2
        }
      },
      "threshold": 0.5,
      "valid_code_count": 3
    },
    {
      "best_epoch": 20,
      "early_stopping_monitor": null,
      "epochs_ran": 20,
      "fold": 2,
      "macro_f1": 0.7000777000777001,
      "macro_pr_auc": 0.8150209796860123,
      "macro_recall": 0.5875420875420875,
      "per_code": {
        "blur": {
          "f1": 0.8181818181818182,
          "pr_auc": 0.7900072150072148,
          "recall": 0.8181818181818182,
          "valid_positive_count": 11
        },
        "flash": {
          "f1": 0.6153846153846154,
          "pr_auc": 0.9550557240508222,
          "recall": 0.4444444444444444,
          "valid_positive_count": 18
        },
        "tunnel": {
          "f1": 0.6666666666666666,
          "pr_auc": 0.7,
          "recall": 0.5,
          "valid_positive_count": 2
        }
      },
      "threshold": 0.5,
      "valid_code_count": 3
    },
    {
      "best_epoch": 20,
      "early_stopping_monitor": null,
      "epochs_ran": 20,
      "fold": 3,
      "macro_f1": 0.5990143369175628,
      "macro_pr_auc": 0.73515408731912,
      "macro_recall": 0.5740740740740741,
      "per_code": {
        "blur": {
          "f1": 0.625,
          "pr_auc": 0.8939213564213563,
          "recall": 0.5,
          "valid_positive_count": 10
        },
        "flash": {
          "f1": 0.8387096774193549,
          "pr_auc": 0.9846178286129268,
          "recall": 0.7222222222222222,
          "valid_positive_count": 18
        },
        "tunnel": {
          "f1": 0.3333333333333333,
          "pr_auc": 0.3269230769230769,
          "recall": 0.5,
          "valid_positive_count": 2
        }
      },
      "threshold": 0.5,
      "valid_code_count": 3
    },
    {
      "best_epoch": 20,
      "early_stopping_monitor": null,
      "epochs_ran": 20,
      "fold": 4,
      "macro_f1": 0.6587301587301587,
      "macro_pr_auc": 0.8271358233471421,
      "macro_recall": 0.733652312599681,
      "per_code": {
        "blur": {
          "f1": 0.7619047619047619,
          "pr_auc": 0.7961185576158838,
          "recall": 0.7272727272727273,
          "valid_positive_count": 11
        },
        "flash": {
          "f1": 0.6428571428571429,
          "pr_auc": 0.9852889124255426,
          "recall": 0.47368421052631576,
          "valid_positive_count": 19
        },
        "tunnel": {
          "f1": 0.5714285714285714,
          "pr_auc": 0.7,
          "recall": 1.0,
          "valid_positive_count": 2
        }
      },
      "threshold": 0.5,
      "valid_code_count": 3
    }
  ],
  "fold_scheme": "weld_independent",
  "mode": "window_mil",
  "run_folds": [
    0,
    1,
    2,
    3,
    4
  ],
  "sample_count": 101
}
runs=1 ok=True
OK /home/user/PROJECT/MMDII/MMDII-Core/outputs/time-frequency-v0-2-1/seed-7-raw_plus_stft-convnext2d_lite-max samples=101
{
  "aggregator": "topk_mean",
  "completed_fold_count": 5,
  "fold_count": 5,
  "fold_metrics": [
    {
      "best_epoch": 20,
      "early_stopping_monitor": null,
      "epochs_ran": 20,
      "fold": 0,
      "macro_f1": 0.4016563146997929,
      "macro_pr_auc": 0.6769758945568903,
      "macro_recall": 0.34680134680134683,
      "per_code": {
        "blur": {
          "f1": 0.8571428571428571,
          "pr_auc": 0.9841597796143251,
          "recall": 0.8181818181818182,
          "valid_positive_count": 11
        },
        "flash": {
          "f1": 0.34782608695652173,
          "pr_auc": 0.8842679040563458,
          "recall": 0.2222222222222222,
          "valid_positive_count": 18
        },
        "tunnel": {
          "f1": 0.0,
          "pr_auc": 0.1625,
          "recall": 0.0,
          "valid_positive_count": 2
        }
      },
      "threshold": 0.5,
      "valid_code_count": 3
    },
    {
      "best_epoch": 20,
      "early_stopping_monitor": null,
      "epochs_ran": 20,
      "fold": 1,
      "macro_f1": 0.5,
      "macro_pr_auc": 0.6930629671085106,
      "macro_recall": 0.4578947368421053,
      "per_code": {
        "blur": {
          "f1": 0.8571428571428571,
          "pr_auc": 0.891976911976912,
          "recall": 0.9,
          "valid_positive_count": 10
        },
        "flash": {
          "f1": 0.6428571428571429,
          "pr_auc": 0.9852889124255426,
          "recall": 0.47368421052631576,
          "valid_positive_count": 19
        },
        "tunnel": {
          "f1": 0.0,
          "pr_auc": 0.20192307692307693,
          "recall": 0.0,
          "valid_positive_count": 2
        }
      },
      "threshold": 0.5,
      "valid_code_count": 3
    },
    {
      "best_epoch": 20,
      "early_stopping_monitor": null,
      "epochs_ran": 20,
      "fold": 2,
      "macro_f1": 0.6719806763285024,
      "macro_pr_auc": 0.7711251738298522,
      "macro_recall": 0.7171717171717171,
      "per_code": {
        "blur": {
          "f1": 0.782608695652174,
          "pr_auc": 0.7841797091797091,
          "recall": 0.8181818181818182,
          "valid_positive_count": 11
        },
        "flash": {
          "f1": 0.8333333333333334,
          "pr_auc": 0.9180847011987364,
          "recall": 0.8333333333333334,
          "valid_positive_count": 18
        },
        "tunnel": {
          "f1": 0.4,
          "pr_auc": 0.6111111111111112,
          "recall": 0.5,
          "valid_positive_count": 2
        }
      },
      "threshold": 0.5,
      "valid_code_count": 3
    },
    {
      "best_epoch": 20,
      "early_stopping_monitor": null,
      "epochs_ran": 20,
      "fold": 3,
      "macro_f1": 0.5119047619047619,
      "macro_pr_auc": 0.718718180254558,
      "macro_recall": 0.4851851851851852,
      "per_code": {
        "blur": {
          "f1": 0.5714285714285714,
          "pr_auc": 0.9076315789473685,
          "recall": 0.4,
          "valid_positive_count": 10
        },
        "flash": {
          "f1": 0.7142857142857143,
          "pr_auc": 0.9818562951496389,
          "recall": 0.5555555555555556,
          "valid_positive_count": 18
        },
        "tunnel": {
          "f1": 0.25,
          "pr_auc": 0.26666666666666666,
          "recall": 0.5,
          "valid_positive_count": 2
        }
      },
      "threshold": 0.5,
      "valid_code_count": 3
    },
    {
      "best_epoch": 20,
      "early_stopping_monitor": null,
      "epochs_ran": 20,
      "fold": 4,
      "macro_f1": 0.6774891774891776,
      "macro_pr_auc": 0.7187388940523801,
      "macro_recall": 0.7639553429027114,
      "per_code": {
        "blur": {
          "f1": 0.8181818181818182,
          "pr_auc": 0.8155778564869474,
          "recall": 0.8181818181818182,
          "valid_positive_count": 11
        },
        "flash": {
          "f1": 0.6428571428571429,
          "pr_auc": 0.973972159003526,
          "recall": 0.47368421052631576,
          "valid_positive_count": 19
        },
        "tunnel": {
          "f1": 0.5714285714285714,
          "pr_auc": 0.3666666666666667,
          "recall": 1.0,
          "valid_positive_count": 2
        }
      },
      "threshold": 0.5,
      "valid_code_count": 3
    }
  ],
  "fold_scheme": "weld_independent",
  "mode": "window_mil",
  "run_folds": [
    0,
    1,
    2,
    3,
    4
  ],
  "sample_count": 101
}
runs=1 ok=True
OK /home/user/PROJECT/MMDII/MMDII-Core/outputs/time-frequency-v0-2-1/seed-7-raw_plus_stft-convnext2d_lite-topk_mean samples=101
{
  "aggregator": "gated_attention",
  "completed_fold_count": 5,
  "fold_count": 5,
  "fold_metrics": [
    {
      "best_epoch": 20,
      "early_stopping_monitor": null,
      "epochs_ran": 20,
      "fold": 0,
      "macro_f1": 0.8241315850011501,
      "macro_pr_auc": 0.8374138343356453,
      "macro_recall": 0.9814814814814815,
      "per_code": {
        "blur": {
          "f1": 0.9565217391304348,
          "pr_auc": 0.9536042240587697,
          "recall": 1.0,
          "valid_positive_count": 11
        },
        "flash": {
          "f1": 0.9444444444444444,
          "pr_auc": 0.9753039456148334,
          "recall": 0.9444444444444444,
          "valid_positive_count": 18
        },
        "tunnel": {
          "f1": 0.5714285714285714,
          "pr_auc": 0.5833333333333333,
          "recall": 1.0,
          "valid_positive_count": 2
        }
      },
      "threshold": 0.5,
      "valid_code_count": 3
    },
    {
      "best_epoch": 20,
      "early_stopping_monitor": null,
      "epochs_ran": 20,
      "fold": 1,
      "macro_f1": 0.7274509803921568,
      "macro_pr_auc": 0.7785024762864098,
      "macro_recall": 0.7298245614035088,
      "per_code": {
        "blur": {
          "f1": 0.9,
          "pr_auc": 0.9909090909090909,
          "recall": 0.9,
          "valid_positive_count": 10
        },
        "flash": {
          "f1": 0.8823529411764706,
          "pr_auc": 0.9945983379501384,
          "recall": 0.7894736842105263,
          "valid_positive_count": 19
        },
        "tunnel": {
          "f1": 0.4,
          "pr_auc": 0.35,
          "recall": 0.5,
          "valid_positive_count": 2
        }
      },
      "threshold": 0.5,
      "valid_code_count": 3
    },
    {
      "best_epoch": 20,
      "early_stopping_monitor": null,
      "epochs_ran": 20,
      "fold": 2,
      "macro_f1": 0.7603174603174603,
      "macro_pr_auc": 0.8074887042842528,
      "macro_recall": 0.6750841750841751,
      "per_code": {
        "blur": {
          "f1": 0.7,
          "pr_auc": 0.8846060505151414,
          "recall": 0.6363636363636364,
          "valid_positive_count": 11
        },
        "flash": {
          "f1": 0.9142857142857143,
          "pr_auc": 0.9469509714285258,
          "recall": 0.8888888888888888,
          "valid_positive_count": 18
        },
        "tunnel": {
          "f1": 0.6666666666666666,
          "pr_auc": 0.5909090909090909,
          "recall": 0.5,
          "valid_positive_count": 2
        }
      },
      "threshold": 0.5,
      "valid_code_count": 3
    },
    {
      "best_epoch": 20,
      "early_stopping_monitor": null,
      "epochs_ran": 20,
      "fold": 3,
      "macro_f1": 0.7830065359477124,
      "macro_pr_auc": 0.8128719704755998,
      "macro_recall": 0.7111111111111111,
      "per_code": {
        "blur": {
          "f1": 0.8,
          "pr_auc": 0.8890204678362573,
          "recall": 0.8,
          "valid_positive_count": 10
        },
        "flash": {
          "f1": 0.8823529411764706,
          "pr_auc": 0.9726723666674648,
          "recall": 0.8333333333333334,
          "valid_positive_count": 18
        },
        "tunnel": {
          "f1": 0.6666666666666666,
          "pr_auc": 0.5769230769230769,
          "recall": 0.5,
          "valid_positive_count": 2
        }
      },
      "threshold": 0.5,
      "valid_code_count": 3
    },
    {
      "best_epoch": 20,
      "early_stopping_monitor": null,
      "epochs_ran": 20,
      "fold": 4,
      "macro_f1": 0.8393500219587177,
      "macro_pr_auc": 0.8627047478866547,
      "macro_recall": 0.8819776714513555,
      "per_code": {
        "blur": {
          "f1": 0.8695652173913043,
          "pr_auc": 0.7694919979010887,
          "recall": 0.9090909090909091,
          "valid_positive_count": 11
        },
        "flash": {
          "f1": 0.8484848484848485,
          "pr_auc": 0.9852889124255426,
          "recall": 0.7368421052631579,
          "valid_positive_count": 19
        },
        "tunnel": {
          "f1": 0.8,
          "pr_auc": 0.8333333333333333,
          "recall": 1.0,
          "valid_positive_count": 2
        }
      },
      "threshold": 0.5,
      "valid_code_count": 3
    }
  ],
  "fold_scheme": "weld_independent",
  "mode": "window_mil",
  "run_folds": [
    0,
    1,
    2,
    3,
    4
  ],
  "sample_count": 101
}
runs=1 ok=True
OK /home/user/PROJECT/MMDII/MMDII-Core/outputs/time-frequency-v0-2-1/seed-7-raw_plus_stft-convnext2d_lite-gated_attention samples=101
{
  "aggregator": "mean",
  "completed_fold_count": 5,
  "fold_count": 5,
  "fold_metrics": [
    {
      "best_epoch": 20,
      "early_stopping_monitor": null,
      "epochs_ran": 20,
      "fold": 0,
      "macro_f1": 0.7792207792207791,
      "macro_pr_auc": 0.7510431852908477,
      "macro_recall": 0.914141414141414,
      "per_code": {
        "blur": {
          "f1": 0.9090909090909091,
          "pr_auc": 0.9008736213281667,
          "recall": 0.9090909090909091,
          "valid_positive_count": 11
        },
        "flash": {
          "f1": 0.8571428571428571,
          "pr_auc": 0.9355892678777097,
          "recall": 0.8333333333333334,
          "valid_positive_count": 18
        },
        "tunnel": {
          "f1": 0.5714285714285714,
          "pr_auc": 0.41666666666666663,
          "recall": 1.0,
          "valid_positive_count": 2
        }
      },
      "threshold": 0.5,
      "valid_code_count": 3
    },
    {
      "best_epoch": 20,
      "early_stopping_monitor": null,
      "epochs_ran": 20,
      "fold": 1,
      "macro_f1": 0.7124579124579125,
      "macro_pr_auc": 0.8843079922027289,
      "macro_recall": 0.6789473684210526,
      "per_code": {
        "blur": {
          "f1": 0.8888888888888888,
          "pr_auc": 0.9555555555555556,
          "recall": 0.8,
          "valid_positive_count": 10
        },
        "flash": {
          "f1": 0.8484848484848485,
          "pr_auc": 0.9973684210526315,
          "recall": 0.7368421052631579,
          "valid_positive_count": 19
        },
        "tunnel": {
          "f1": 0.4,
          "pr_auc": 0.7,
          "recall": 0.5,
          "valid_positive_count": 2
        }
      },
      "threshold": 0.5,
      "valid_code_count": 3
    },
    {
      "best_epoch": 20,
      "early_stopping_monitor": null,
      "epochs_ran": 20,
      "fold": 2,
      "macro_f1": 0.6941176470588234,
      "macro_pr_auc": 0.8410777187411567,
      "macro_recall": 0.6565656565656566,
      "per_code": {
        "blur": {
          "f1": 0.7,
          "pr_auc": 0.8730207857002117,
          "recall": 0.6363636363636364,
          "valid_positive_count": 11
        },
        "flash": {
          "f1": 0.8823529411764706,
          "pr_auc": 0.9835457038565916,
          "recall": 0.8333333333333334,
          "valid_positive_count": 18
        },
        "tunnel": {
          "f1": 0.5,
          "pr_auc": 0.6666666666666666,
          "recall": 0.5,
          "valid_positive_count": 2
        }
      },
      "threshold": 0.5,
      "valid_code_count": 3
    },
    {
      "best_epoch": 20,
      "early_stopping_monitor": null,
      "epochs_ran": 20,
      "fold": 3,
      "macro_f1": 0.6686274509803921,
      "macro_pr_auc": 0.8417798080895776,
      "macro_recall": 0.5888888888888889,
      "per_code": {
        "blur": {
          "f1": 0.7058823529411765,
          "pr_auc": 0.8372493734335839,
          "recall": 0.6,
          "valid_positive_count": 10
        },
        "flash": {
          "f1": 0.8,
          "pr_auc": 0.988090050835149,
          "recall": 0.6666666666666666,
          "valid_positive_count": 18
        },
        "tunnel": {
          "f1": 0.5,
          "pr_auc": 0.7,
          "recall": 0.5,
          "valid_positive_count": 2
        }
      },
      "threshold": 0.5,
      "valid_code_count": 3
    },
    {
      "best_epoch": 20,
      "early_stopping_monitor": null,
      "epochs_ran": 20,
      "fold": 4,
      "macro_f1": 0.69769820971867,
      "macro_pr_auc": 0.7547541114917461,
      "macro_recall": 0.7153110047846889,
      "per_code": {
        "blur": {
          "f1": 0.8695652173913043,
          "pr_auc": 0.7824821939795202,
          "recall": 0.9090909090909091,
          "valid_positive_count": 11
        },
        "flash": {
          "f1": 0.8235294117647058,
          "pr_auc": 0.981780140495718,
          "recall": 0.7368421052631579,
          "valid_positive_count": 19
        },
        "tunnel": {
          "f1": 0.4,
          "pr_auc": 0.5,
          "recall": 0.5,
          "valid_positive_count": 2
        }
      },
      "threshold": 0.5,
      "valid_code_count": 3
    }
  ],
  "fold_scheme": "weld_independent",
  "mode": "window_mil",
  "run_folds": [
    0,
    1,
    2,
    3,
    4
  ],
  "sample_count": 101
}
runs=1 ok=True
OK /home/user/PROJECT/MMDII/MMDII-Core/outputs/time-frequency-v0-2-1/seed-7-raw_plus_cwt-cnn2d-mean samples=101
{
  "aggregator": "max",
  "completed_fold_count": 5,
  "fold_count": 5,
  "fold_metrics": [
    {
      "best_epoch": 20,
      "early_stopping_monitor": null,
      "epochs_ran": 20,
      "fold": 0,
      "macro_f1": 0.5656565656565656,
      "macro_pr_auc": 0.6663237380714006,
      "macro_recall": 0.5437710437710438,
      "per_code": {
        "blur": {
          "f1": 0.9090909090909091,
          "pr_auc": 0.953063098517644,
          "recall": 0.9090909090909091,
          "valid_positive_count": 11
        },
        "flash": {
          "f1": 0.7878787878787878,
          "pr_auc": 0.9171202369086786,
          "recall": 0.7222222222222222,
          "valid_positive_count": 18
        },
        "tunnel": {
          "f1": 0.0,
          "pr_auc": 0.12878787878787878,
          "recall": 0.0,
          "valid_positive_count": 2
        }
      },
      "threshold": 0.5,
      "valid_code_count": 3
    },
    {
      "best_epoch": 20,
      "early_stopping_monitor": null,
      "epochs_ran": 20,
      "fold": 1,
      "macro_f1": 0.453859649122807,
      "macro_pr_auc": 0.668223464362661,
      "macro_recall": 0.4719298245614035,
      "per_code": {
        "blur": {
          "f1": 0.631578947368421,
          "pr_auc": 0.7868055555555555,
          "recall": 0.6,
          "valid_positive_count": 10
        },
        "flash": {
          "f1": 0.48,
          "pr_auc": 0.9916743613419512,
          "recall": 0.3157894736842105,
          "valid_positive_count": 19
        },
        "tunnel": {
          "f1": 0.25,
          "pr_auc": 0.22619047619047616,
          "recall": 0.5,
          "valid_positive_count": 2
        }
      },
      "threshold": 0.5,
      "valid_code_count": 3
    },
    {
      "best_epoch": 20,
      "early_stopping_monitor": null,
      "epochs_ran": 20,
      "fold": 2,
      "macro_f1": 0.5634920634920634,
      "macro_pr_auc": 0.7826048751379849,
      "macro_recall": 0.5757575757575758,
      "per_code": {
        "blur": {
          "f1": 0.7619047619047619,
          "pr_auc": 0.8001248751248752,
          "recall": 0.7272727272727273,
          "valid_positive_count": 11
        },
        "flash": {
          "f1": 0.6428571428571429,
          "pr_auc": 0.9048326074319367,
          "recall": 0.5,
          "valid_positive_count": 18
        },
        "tunnel": {
          "f1": 0.2857142857142857,
          "pr_auc": 0.6428571428571428,
          "recall": 0.5,
          "valid_positive_count": 2
        }
      },
      "threshold": 0.5,
      "valid_code_count": 3
    },
    {
      "best_epoch": 20,
      "early_stopping_monitor": null,
      "epochs_ran": 20,
      "fold": 3,
      "macro_f1": 0.48333333333333334,
      "macro_pr_auc": 0.7785702871164687,
      "macro_recall": 0.4037037037037037,
      "per_code": {
        "blur": {
          "f1": 0.75,
          "pr_auc": 0.8658000281452293,
          "recall": 0.6,
          "valid_positive_count": 10
        },
        "flash": {
          "f1": 0.2,
          "pr_auc": 0.969910833204177,
          "recall": 0.1111111111111111,
          "valid_positive_count": 18
        },
        "tunnel": {
          "f1": 0.5,
          "pr_auc": 0.5,
          "recall": 0.5,
          "valid_positive_count": 2
        }
      },
      "threshold": 0.5,
      "valid_code_count": 3
    },
    {
      "best_epoch": 20,
      "early_stopping_monitor": null,
      "epochs_ran": 20,
      "fold": 4,
      "macro_f1": 0.7540526033279656,
      "macro_pr_auc": 0.9158626910213782,
      "macro_recall": 0.7767145135566188,
      "per_code": {
        "blur": {
          "f1": 0.8695652173913043,
          "pr_auc": 0.9362339977313241,
          "recall": 0.9090909090909091,
          "valid_positive_count": 11
        },
        "flash": {
          "f1": 0.5925925925925926,
          "pr_auc": 0.9780207419994773,
          "recall": 0.42105263157894735,
          "valid_positive_count": 19
        },
        "tunnel": {
          "f1": 0.8,
          "pr_auc": 0.8333333333333333,
          "recall": 1.0,
          "valid_positive_count": 2
        }
      },
      "threshold": 0.5,
      "valid_code_count": 3
    }
  ],
  "fold_scheme": "weld_independent",
  "mode": "window_mil",
  "run_folds": [
    0,
    1,
    2,
    3,
    4
  ],
  "sample_count": 101
}
runs=1 ok=True
OK /home/user/PROJECT/MMDII/MMDII-Core/outputs/time-frequency-v0-2-1/seed-7-raw_plus_cwt-cnn2d-max samples=101
{
  "aggregator": "topk_mean",
  "completed_fold_count": 5,
  "fold_count": 5,
  "fold_metrics": [
    {
      "best_epoch": 20,
      "early_stopping_monitor": null,
      "epochs_ran": 20,
      "fold": 0,
      "macro_f1": 0.5688405797101449,
      "macro_pr_auc": 0.6798567585488655,
      "macro_recall": 0.5555555555555555,
      "per_code": {
        "blur": {
          "f1": 0.9565217391304348,
          "pr_auc": 0.9536042240587697,
          "recall": 1.0,
          "valid_positive_count": 11
        },
        "flash": {
          "f1": 0.75,
          "pr_auc": 0.9526327182544934,
          "recall": 0.6666666666666666,
          "valid_positive_count": 18
        },
        "tunnel": {
          "f1": 0.0,
          "pr_auc": 0.13333333333333333,
          "recall": 0.0,
          "valid_positive_count": 2
        }
      },
      "threshold": 0.5,
      "valid_code_count": 3
    },
    {
      "best_epoch": 20,
      "early_stopping_monitor": null,
      "epochs_ran": 20,
      "fold": 1,
      "macro_f1": 0.6585858585858585,
      "macro_pr_auc": 0.7954882154882154,
      "macro_recall": 0.6929824561403509,
      "per_code": {
        "blur": {
          "f1": 0.9090909090909091,
          "pr_auc": 0.9697979797979798,
          "recall": 1.0,
          "valid_positive_count": 10
        },
        "flash": {
          "f1": 0.7333333333333333,
          "pr_auc": 0.9999999999999998,
          "recall": 0.5789473684210527,
          "valid_positive_count": 19
        },
        "tunnel": {
          "f1": 0.3333333333333333,
          "pr_auc": 0.41666666666666663,
          "recall": 0.5,
          "valid_positive_count": 2
        }
      },
      "threshold": 0.5,
      "valid_code_count": 3
    },
    {
      "best_epoch": 20,
      "early_stopping_monitor": null,
      "epochs_ran": 20,
      "fold": 2,
      "macro_f1": 0.7515151515151515,
      "macro_pr_auc": 0.8451269156346243,
      "macro_recall": 0.8164983164983165,
      "per_code": {
        "blur": {
          "f1": 0.8,
          "pr_auc": 0.9273743932834844,
          "recall": 0.7272727272727273,
          "valid_positive_count": 11
        },
        "flash": {
          "f1": 0.7878787878787878,
          "pr_auc": 0.8580063536203886,
          "recall": 0.7222222222222222,
          "valid_positive_count": 18
        },
        "tunnel": {
          "f1": 0.6666666666666666,
          "pr_auc": 0.75,
          "recall": 1.0,
          "valid_positive_count": 2
        }
      },
      "threshold": 0.5,
      "valid_code_count": 3
    },
    {
      "best_epoch": 20,
      "early_stopping_monitor": null,
      "epochs_ran": 20,
      "fold": 3,
      "macro_f1": 0.4700460829493087,
      "macro_pr_auc": 0.6726680513010924,
      "macro_recall": 0.37407407407407406,
      "per_code": {
        "blur": {
          "f1": 0.5714285714285714,
          "pr_auc": 0.8380298786181138,
          "recall": 0.4,
          "valid_positive_count": 10
        },
        "flash": {
          "f1": 0.8387096774193549,
          "pr_auc": 0.9835457038565916,
          "recall": 0.7222222222222222,
          "valid_positive_count": 18
        },
        "tunnel": {
          "f1": 0.0,
          "pr_auc": 0.19642857142857142,
          "recall": 0.0,
          "valid_positive_count": 2
        }
      },
      "threshold": 0.5,
      "valid_code_count": 3
    },
    {
      "best_epoch": 20,
      "early_stopping_monitor": null,
      "epochs_ran": 20,
      "fold": 4,
      "macro_f1": 0.8302867383512545,
      "macro_pr_auc": 0.9950963041418476,
      "macro_recall": 0.8771929824561404,
      "per_code": {
        "blur": {
          "f1": 0.9166666666666666,
          "pr_auc": 1.0,
          "recall": 1.0,
          "valid_positive_count": 11
        },
        "flash": {
          "f1": 0.7741935483870968,
          "pr_auc": 0.9852889124255426,
          "recall": 0.631578947368421,
          "valid_positive_count": 19
        },
        "tunnel": {
          "f1": 0.8,
          "pr_auc": 1.0,
          "recall": 1.0,
          "valid_positive_count": 2
        }
      },
      "threshold": 0.5,
      "valid_code_count": 3
    }
  ],
  "fold_scheme": "weld_independent",
  "mode": "window_mil",
  "run_folds": [
    0,
    1,
    2,
    3,
    4
  ],
  "sample_count": 101
}
runs=1 ok=True
OK /home/user/PROJECT/MMDII/MMDII-Core/outputs/time-frequency-v0-2-1/seed-7-raw_plus_cwt-cnn2d-topk_mean samples=101
{
  "aggregator": "gated_attention",
  "completed_fold_count": 5,
  "fold_count": 5,
  "fold_metrics": [
    {
      "best_epoch": 20,
      "early_stopping_monitor": null,
      "epochs_ran": 20,
      "fold": 0,
      "macro_f1": 0.8095238095238096,
      "macro_pr_auc": 0.8362663430845249,
      "macro_recall": 0.9393939393939394,
      "per_code": {
        "blur": {
          "f1": 0.8571428571428571,
          "pr_auc": 0.9254656959202414,
          "recall": 0.8181818181818182,
          "valid_positive_count": 11
        },
        "flash": {
          "f1": 1.0,
          "pr_auc": 1.0,
          "recall": 1.0,
          "valid_positive_count": 18
        },
        "tunnel": {
          "f1": 0.5714285714285714,
          "pr_auc": 0.5833333333333333,
          "recall": 1.0,
          "valid_positive_count": 2
        }
      },
      "threshold": 0.5,
      "valid_code_count": 3
    },
    {
      "best_epoch": 20,
      "early_stopping_monitor": null,
      "epochs_ran": 20,
      "fold": 1,
      "macro_f1": 0.6464646464646464,
      "macro_pr_auc": 0.736234405806265,
      "macro_recall": 0.6947368421052632,
      "per_code": {
        "blur": {
          "f1": 0.8181818181818182,
          "pr_auc": 0.9769230769230769,
          "recall": 0.9,
          "valid_positive_count": 10
        },
        "flash": {
          "f1": 0.7878787878787878,
          "pr_auc": 0.981780140495718,
          "recall": 0.6842105263157895,
          "valid_positive_count": 19
        },
        "tunnel": {
          "f1": 0.3333333333333333,
          "pr_auc": 0.25,
          "recall": 0.5,
          "valid_positive_count": 2
        }
      },
      "threshold": 0.5,
      "valid_code_count": 3
    },
    {
      "best_epoch": 20,
      "early_stopping_monitor": null,
      "epochs_ran": 20,
      "fold": 2,
      "macro_f1": 0.731578947368421,
      "macro_pr_auc": 0.8170307830030051,
      "macro_recall": 0.7239057239057239,
      "per_code": {
        "blur": {
          "f1": 0.8,
          "pr_auc": 0.9037878787878788,
          "recall": 0.7272727272727273,
          "valid_positive_count": 11
        },
        "flash": {
          "f1": 0.8947368421052632,
          "pr_auc": 0.9703813932980601,
          "recall": 0.9444444444444444,
          "valid_positive_count": 18
        },
        "tunnel": {
          "f1": 0.5,
          "pr_auc": 0.5769230769230769,
          "recall": 0.5,
          "valid_positive_count": 2
        }
      },
      "threshold": 0.5,
      "valid_code_count": 3
    },
    {
      "best_epoch": 20,
      "early_stopping_monitor": null,
      "epochs_ran": 20,
      "fold": 3,
      "macro_f1": 0.8059542796384901,
      "macro_pr_auc": 0.8643097643097643,
      "macro_recall": 0.7111111111111111,
      "per_code": {
        "blur": {
          "f1": 0.8421052631578947,
          "pr_auc": 0.9262626262626262,
          "recall": 0.8,
          "valid_positive_count": 10
        },
        "flash": {
          "f1": 0.9090909090909091,
          "pr_auc": 1.0,
          "recall": 0.8333333333333334,
          "valid_positive_count": 18
        },
        "tunnel": {
          "f1": 0.6666666666666666,
          "pr_auc": 0.6666666666666666,
          "recall": 0.5,
          "valid_positive_count": 2
        }
      },
      "threshold": 0.5,
      "valid_code_count": 3
    },
    {
      "best_epoch": 20,
      "early_stopping_monitor": null,
      "epochs_ran": 20,
      "fold": 4,
      "macro_f1": 0.7052287581699347,
      "macro_pr_auc": 0.8923795060158696,
      "macro_recall": 0.7328548644338118,
      "per_code": {
        "blur": {
          "f1": 0.8333333333333334,
          "pr_auc": 0.927138518047609,
          "recall": 0.9090909090909091,
          "valid_positive_count": 11
        },
        "flash": {
          "f1": 0.8823529411764706,
          "pr_auc": 0.9999999999999998,
          "recall": 0.7894736842105263,
          "valid_positive_count": 19
        },
        "tunnel": {
          "f1": 0.4,
          "pr_auc": 0.75,
          "recall": 0.5,
          "valid_positive_count": 2
        }
      },
      "threshold": 0.5,
      "valid_code_count": 3
    }
  ],
  "fold_scheme": "weld_independent",
  "mode": "window_mil",
  "run_folds": [
    0,
    1,
    2,
    3,
    4
  ],
  "sample_count": 101
}
runs=1 ok=True
OK /home/user/PROJECT/MMDII/MMDII-Core/outputs/time-frequency-v0-2-1/seed-7-raw_plus_cwt-cnn2d-gated_attention samples=101
{
  "aggregator": "mean",
  "completed_fold_count": 5,
  "fold_count": 5,
  "fold_metrics": [
    {
      "best_epoch": 20,
      "early_stopping_monitor": null,
      "epochs_ran": 20,
      "fold": 0,
      "macro_f1": 0.7561327561327561,
      "macro_pr_auc": 0.7314696518284253,
      "macro_recall": 0.8771043771043772,
      "per_code": {
        "blur": {
          "f1": 0.9090909090909091,
          "pr_auc": 0.8087990292535745,
          "recall": 0.9090909090909091,
          "valid_positive_count": 11
        },
        "flash": {
          "f1": 0.7878787878787878,
          "pr_auc": 0.9689432595650347,
          "recall": 0.7222222222222222,
          "valid_positive_count": 18
        },
        "tunnel": {
          "f1": 0.5714285714285714,
          "pr_auc": 0.41666666666666663,
          "recall": 1.0,
          "valid_positive_count": 2
        }
      },
      "threshold": 0.5,
      "valid_code_count": 3
    },
    {
      "best_epoch": 20,
      "early_stopping_monitor": null,
      "epochs_ran": 20,
      "fold": 1,
      "macro_f1": 0.7609884927372194,
      "macro_pr_auc": 0.9031968810916179,
      "macro_recall": 0.8105263157894737,
      "per_code": {
        "blur": {
          "f1": 0.8421052631578947,
          "pr_auc": 0.9622222222222222,
          "recall": 0.8,
          "valid_positive_count": 10
        },
        "flash": {
          "f1": 0.7741935483870968,
          "pr_auc": 0.9973684210526315,
          "recall": 0.631578947368421,
          "valid_positive_count": 19
        },
        "tunnel": {
          "f1": 0.6666666666666666,
          "pr_auc": 0.75,
          "recall": 1.0,
          "valid_positive_count": 2
        }
      },
      "threshold": 0.5,
      "valid_code_count": 3
    },
    {
      "best_epoch": 20,
      "early_stopping_monitor": null,
      "epochs_ran": 20,
      "fold": 2,
      "macro_f1": 0.6691176470588235,
      "macro_pr_auc": 0.8404306220601918,
      "macro_recall": 0.5959595959595959,
      "per_code": {
        "blur": {
          "f1": 0.625,
          "pr_auc": 0.907760407338229,
          "recall": 0.45454545454545453,
          "valid_positive_count": 11
        },
        "flash": {
          "f1": 0.8823529411764706,
          "pr_auc": 0.9706743159852036,
          "recall": 0.8333333333333334,
          "valid_positive_count": 18
        },
        "tunnel": {
          "f1": 0.5,
          "pr_auc": 0.6428571428571428,
          "recall": 0.5,
          "valid_positive_count": 2
        }
      },
      "threshold": 0.5,
      "valid_code_count": 3
    },
    {
      "best_epoch": 20,
      "early_stopping_monitor": null,
      "epochs_ran": 20,
      "fold": 3,
      "macro_f1": 0.6694444444444444,
      "macro_pr_auc": 0.7573677248677249,
      "macro_recall": 0.6925925925925926,
      "per_code": {
        "blur": {
          "f1": 0.8,
          "pr_auc": 0.8554365079365079,
          "recall": 0.8,
          "valid_positive_count": 10
        },
        "flash": {
          "f1": 0.875,
          "pr_auc": 1.0,
          "recall": 0.7777777777777778,
          "valid_positive_count": 18
        },
        "tunnel": {
          "f1": 0.3333333333333333,
          "pr_auc": 0.41666666666666663,
          "recall": 0.5,
          "valid_positive_count": 2
        }
      },
      "threshold": 0.5,
      "valid_code_count": 3
    },
    {
      "best_epoch": 20,
      "early_stopping_monitor": null,
      "epochs_ran": 20,
      "fold": 4,
      "macro_f1": 0.8273550724637682,
      "macro_pr_auc": 0.8904825256644328,
      "macro_recall": 0.8644338118022329,
      "per_code": {
        "blur": {
          "f1": 0.8695652173913043,
          "pr_auc": 0.8528253312344221,
          "recall": 0.9090909090909091,
          "valid_positive_count": 11
        },
        "flash": {
          "f1": 0.8125,
          "pr_auc": 0.9852889124255426,
          "recall": 0.6842105263157895,
          "valid_positive_count": 19
        },
        "tunnel": {
          "f1": 0.8,
          "pr_auc": 0.8333333333333333,
          "recall": 1.0,
          "valid_positive_count": 2
        }
      },
      "threshold": 0.5,
      "valid_code_count": 3
    }
  ],
  "fold_scheme": "weld_independent",
  "mode": "window_mil",
  "run_folds": [
    0,
    1,
    2,
    3,
    4
  ],
  "sample_count": 101
}
runs=1 ok=True
OK /home/user/PROJECT/MMDII/MMDII-Core/outputs/time-frequency-v0-2-1/seed-7-raw_plus_cwt-separable_cnn2d-mean samples=101
{
  "aggregator": "max",
  "completed_fold_count": 5,
  "fold_count": 5,
  "fold_metrics": [
    {
      "best_epoch": 20,
      "early_stopping_monitor": null,
      "epochs_ran": 20,
      "fold": 0,
      "macro_f1": 0.5037037037037037,
      "macro_pr_auc": 0.6864392601068573,
      "macro_recall": 0.4158249158249158,
      "per_code": {
        "blur": {
          "f1": 0.7777777777777778,
          "pr_auc": 0.9750688705234161,
          "recall": 0.6363636363636364,
          "valid_positive_count": 11
        },
        "flash": {
          "f1": 0.7333333333333333,
          "pr_auc": 0.9573258328740786,
          "recall": 0.6111111111111112,
          "valid_positive_count": 18
        },
        "tunnel": {
          "f1": 0.0,
          "pr_auc": 0.12692307692307692,
          "recall": 0.0,
          "valid_positive_count": 2
        }
      },
      "threshold": 0.5,
      "valid_code_count": 3
    },
    {
      "best_epoch": 20,
      "early_stopping_monitor": null,
      "epochs_ran": 20,
      "fold": 1,
      "macro_f1": 0.33816425120772947,
      "macro_pr_auc": 0.7682696932696932,
      "macro_recall": 0.23684210526315788,
      "per_code": {
        "blur": {
          "f1": 0.6666666666666666,
          "pr_auc": 0.888142413142413,
          "recall": 0.5,
          "valid_positive_count": 10
        },
        "flash": {
          "f1": 0.34782608695652173,
          "pr_auc": 0.9999999999999998,
          "recall": 0.21052631578947367,
          "valid_positive_count": 19
        },
        "tunnel": {
          "f1": 0.0,
          "pr_auc": 0.41666666666666663,
          "recall": 0.0,
          "valid_positive_count": 2
        }
      },
      "threshold": 0.5,
      "valid_code_count": 3
    },
    {
      "best_epoch": 20,
      "early_stopping_monitor": null,
      "epochs_ran": 20,
      "fold": 2,
      "macro_f1": 0.6555555555555556,
      "macro_pr_auc": 0.8234278457403672,
      "macro_recall": 0.6868686868686869,
      "per_code": {
        "blur": {
          "f1": 0.8,
          "pr_auc": 0.9314199689199689,
          "recall": 0.7272727272727273,
          "valid_positive_count": 11
        },
        "flash": {
          "f1": 0.8333333333333334,
          "pr_auc": 0.9138635683011329,
          "recall": 0.8333333333333334,
          "valid_positive_count": 18
        },
        "tunnel": {
          "f1": 0.3333333333333333,
          "pr_auc": 0.625,
          "recall": 0.5,
          "valid_positive_count": 2
        }
      },
      "threshold": 0.5,
      "valid_code_count": 3
    },
    {
      "best_epoch": 20,
      "early_stopping_monitor": null,
      "epochs_ran": 20,
      "fold": 3,
      "macro_f1": 0.6605222734254993,
      "macro_pr_auc": 0.7232628569178278,
      "macro_recall": 0.7074074074074074,
      "per_code": {
        "blur": {
          "f1": 0.8571428571428571,
          "pr_auc": 0.7829418242576137,
          "recall": 0.9,
          "valid_positive_count": 10
        },
        "flash": {
          "f1": 0.8387096774193549,
          "pr_auc": 0.9939896036387266,
          "recall": 0.7222222222222222,
          "valid_positive_count": 18
        },
        "tunnel": {
          "f1": 0.2857142857142857,
          "pr_auc": 0.39285714285714285,
          "recall": 0.5,
          "valid_positive_count": 2
        }
      },
      "threshold": 0.5,
      "valid_code_count": 3
    },
    {
      "best_epoch": 20,
      "early_stopping_monitor": null,
      "epochs_ran": 20,
      "fold": 4,
      "macro_f1": 0.69769820971867,
      "macro_pr_auc": 0.694821145134631,
      "macro_recall": 0.8819776714513555,
      "per_code": {
        "blur": {
          "f1": 0.8695652173913043,
          "pr_auc": 0.7282041191132099,
          "recall": 0.9090909090909091,
          "valid_positive_count": 11
        },
        "flash": {
          "f1": 0.8235294117647058,
          "pr_auc": 0.9395926496240166,
          "recall": 0.7368421052631579,
          "valid_positive_count": 19
        },
        "tunnel": {
          "f1": 0.4,
          "pr_auc": 0.41666666666666663,
          "recall": 1.0,
          "valid_positive_count": 2
        }
      },
      "threshold": 0.5,
      "valid_code_count": 3
    }
  ],
  "fold_scheme": "weld_independent",
  "mode": "window_mil",
  "run_folds": [
    0,
    1,
    2,
    3,
    4
  ],
  "sample_count": 101
}
runs=1 ok=True
OK /home/user/PROJECT/MMDII/MMDII-Core/outputs/time-frequency-v0-2-1/seed-7-raw_plus_cwt-separable_cnn2d-max samples=101
{
  "aggregator": "topk_mean",
  "completed_fold_count": 5,
  "fold_count": 5,
  "fold_metrics": [
    {
      "best_epoch": 20,
      "early_stopping_monitor": null,
      "epochs_ran": 20,
      "fold": 0,
      "macro_f1": 0.4754990925589837,
      "macro_pr_auc": 0.7369655448243183,
      "macro_recall": 0.39730639730639733,
      "per_code": {
        "blur": {
          "f1": 0.7368421052631579,
          "pr_auc": 0.9649678604224059,
          "recall": 0.6363636363636364,
          "valid_positive_count": 11
        },
        "flash": {
          "f1": 0.6896551724137931,
          "pr_auc": 0.9542621073838826,
          "recall": 0.5555555555555556,
          "valid_positive_count": 18
        },
        "tunnel": {
          "f1": 0.0,
          "pr_auc": 0.29166666666666663,
          "recall": 0.0,
          "valid_positive_count": 2
        }
      },
      "threshold": 0.5,
      "valid_code_count": 3
    },
    {
      "best_epoch": 20,
      "early_stopping_monitor": null,
      "epochs_ran": 20,
      "fold": 1,
      "macro_f1": 0.4527777777777778,
      "macro_pr_auc": 0.6978525293980727,
      "macro_recall": 0.35964912280701755,
      "per_code": {
        "blur": {
          "f1": 0.625,
          "pr_auc": 0.9063455988455987,
          "recall": 0.5,
          "valid_positive_count": 10
        },
        "flash": {
          "f1": 0.7333333333333333,
          "pr_auc": 0.9852889124255426,
          "recall": 0.5789473684210527,
          "valid_positive_count": 19
        },
        "tunnel": {
          "f1": 0.0,
          "pr_auc": 0.20192307692307693,
          "recall": 0.0,
          "valid_positive_count": 2
        }
      },
      "threshold": 0.5,
      "valid_code_count": 3
    },
    {
      "best_epoch": 20,
      "early_stopping_monitor": null,
      "epochs_ran": 20,
      "fold": 2,
      "macro_f1": 0.6775271512113618,
      "macro_pr_auc": 0.8384171936244521,
      "macro_recall": 0.6868686868686869,
      "per_code": {
        "blur": {
          "f1": 0.8421052631578947,
          "pr_auc": 0.9504495504495505,
          "recall": 0.7272727272727273,
          "valid_positive_count": 11
        },
        "flash": {
          "f1": 0.8571428571428571,
          "pr_auc": 0.9536909193126945,
          "recall": 0.8333333333333334,
          "valid_positive_count": 18
        },
        "tunnel": {
          "f1": 0.3333333333333333,
          "pr_auc": 0.6111111111111112,
          "recall": 0.5,
          "valid_positive_count": 2
        }
      },
      "threshold": 0.5,
      "valid_code_count": 3
    },
    {
      "best_epoch": 20,
      "early_stopping_monitor": null,
      "epochs_ran": 20,
      "fold": 3,
      "macro_f1": 0.6357142857142857,
      "macro_pr_auc": 0.6987145375900967,
      "macro_recall": 0.6888888888888888,
      "per_code": {
        "blur": {
          "f1": 0.8571428571428571,
          "pr_auc": 0.9144497607655503,
          "recall": 0.9,
          "valid_positive_count": 10
        },
        "flash": {
          "f1": 0.8,
          "pr_auc": 0.9872494075602952,
          "recall": 0.6666666666666666,
          "valid_positive_count": 18
        },
        "tunnel": {
          "f1": 0.25,
          "pr_auc": 0.19444444444444442,
          "recall": 0.5,
          "valid_positive_count": 2
        }
      },
      "threshold": 0.5,
      "valid_code_count": 3
    },
    {
      "best_epoch": 20,
      "early_stopping_monitor": null,
      "epochs_ran": 20,
      "fold": 4,
      "macro_f1": 0.7864067966016991,
      "macro_pr_auc": 0.9027927787641595,
      "macro_recall": 0.8118022328548644,
      "per_code": {
        "blur": {
          "f1": 0.8695652173913043,
          "pr_auc": 0.9054588088678999,
          "recall": 0.9090909090909091,
          "valid_positive_count": 11
        },
        "flash": {
          "f1": 0.6896551724137931,
          "pr_auc": 0.9695861940912454,
          "recall": 0.5263157894736842,
          "valid_positive_count": 19
        },
        "tunnel": {
          "f1": 0.8,
          "pr_auc": 0.8333333333333333,
          "recall": 1.0,
          "valid_positive_count": 2
        }
      },
      "threshold": 0.5,
      "valid_code_count": 3
    }
  ],
  "fold_scheme": "weld_independent",
  "mode": "window_mil",
  "run_folds": [
    0,
    1,
    2,
    3,
    4
  ],
  "sample_count": 101
}
runs=1 ok=True
OK /home/user/PROJECT/MMDII/MMDII-Core/outputs/time-frequency-v0-2-1/seed-7-raw_plus_cwt-separable_cnn2d-topk_mean samples=101
{
  "aggregator": "gated_attention",
  "completed_fold_count": 5,
  "fold_count": 5,
  "fold_metrics": [
    {
      "best_epoch": 20,
      "early_stopping_monitor": null,
      "epochs_ran": 20,
      "fold": 0,
      "macro_f1": 0.6178451178451178,
      "macro_pr_auc": 0.7176533641365787,
      "macro_recall": 0.6178451178451178,
      "per_code": {
        "blur": {
          "f1": 0.9090909090909091,
          "pr_auc": 0.9649678604224059,
          "recall": 0.9090909090909091,
          "valid_positive_count": 11
        },
        "flash": {
          "f1": 0.9444444444444444,
          "pr_auc": 0.9629922319873301,
          "recall": 0.9444444444444444,
          "valid_positive_count": 18
        },
        "tunnel": {
          "f1": 0.0,
          "pr_auc": 0.225,
          "recall": 0.0,
          "valid_positive_count": 2
        }
      },
      "threshold": 0.5,
      "valid_code_count": 3
    },
    {
      "best_epoch": 20,
      "early_stopping_monitor": null,
      "epochs_ran": 20,
      "fold": 1,
      "macro_f1": 0.6717995169082126,
      "macro_pr_auc": 0.7686389285281252,
      "macro_recall": 0.7280701754385964,
      "per_code": {
        "blur": {
          "f1": 0.8695652173913043,
          "pr_auc": 0.9809090909090908,
          "recall": 1.0,
          "valid_positive_count": 10
        },
        "flash": {
          "f1": 0.8125,
          "pr_auc": 0.9916743613419512,
          "recall": 0.6842105263157895,
          "valid_positive_count": 19
        },
        "tunnel": {
          "f1": 0.3333333333333333,
          "pr_auc": 0.3333333333333333,
          "recall": 0.5,
          "valid_positive_count": 2
        }
      },
      "threshold": 0.5,
      "valid_code_count": 3
    },
    {
      "best_epoch": 20,
      "early_stopping_monitor": null,
      "epochs_ran": 20,
      "fold": 2,
      "macro_f1": 0.6614870509607351,
      "macro_pr_auc": 0.8111131428834387,
      "macro_recall": 0.6750841750841751,
      "per_code": {
        "blur": {
          "f1": 0.7368421052631579,
          "pr_auc": 0.8399914413072309,
          "recall": 0.6363636363636364,
          "valid_positive_count": 11
        },
        "flash": {
          "f1": 0.9142857142857143,
          "pr_auc": 0.9822368762319744,
          "recall": 0.8888888888888888,
          "valid_positive_count": 18
        },
        "tunnel": {
          "f1": 0.3333333333333333,
          "pr_auc": 0.6111111111111112,
          "recall": 0.5,
          "valid_positive_count": 2
        }
      },
      "threshold": 0.5,
      "valid_code_count": 3
    },
    {
      "best_epoch": 20,
      "early_stopping_monitor": null,
      "epochs_ran": 20,
      "fold": 3,
      "macro_f1": 0.6900584795321637,
      "macro_pr_auc": 0.7956354902407533,
      "macro_recall": 0.5666666666666667,
      "per_code": {
        "blur": {
          "f1": 0.7368421052631579,
          "pr_auc": 0.78690647072226,
          "recall": 0.7,
          "valid_positive_count": 10
        },
        "flash": {
          "f1": 0.6666666666666666,
          "pr_auc": 1.0,
          "recall": 0.5,
          "valid_positive_count": 18
        },
        "tunnel": {
          "f1": 0.6666666666666666,
          "pr_auc": 0.6,
          "recall": 0.5,
          "valid_positive_count": 2
        }
      },
      "threshold": 0.5,
      "valid_code_count": 3
    },
    {
      "best_epoch": 20,
      "early_stopping_monitor": null,
      "epochs_ran": 20,
      "fold": 4,
      "macro_f1": 0.7310315430520035,
      "macro_pr_auc": 0.9115239842058912,
      "macro_recall": 0.7153110047846889,
      "per_code": {
        "blur": {
          "f1": 0.8695652173913043,
          "pr_auc": 0.9159497068587978,
          "recall": 0.9090909090909091,
          "valid_positive_count": 11
        },
        "flash": {
          "f1": 0.8235294117647058,
          "pr_auc": 0.9852889124255426,
          "recall": 0.7368421052631579,
          "valid_positive_count": 19
        },
        "tunnel": {
          "f1": 0.5,
          "pr_auc": 0.8333333333333333,
          "recall": 0.5,
          "valid_positive_count": 2
        }
      },
      "threshold": 0.5,
      "valid_code_count": 3
    }
  ],
  "fold_scheme": "weld_independent",
  "mode": "window_mil",
  "run_folds": [
    0,
    1,
    2,
    3,
    4
  ],
  "sample_count": 101
}
runs=1 ok=True
OK /home/user/PROJECT/MMDII/MMDII-Core/outputs/time-frequency-v0-2-1/seed-7-raw_plus_cwt-separable_cnn2d-gated_attention samples=101
{
  "aggregator": "mean",
  "completed_fold_count": 5,
  "fold_count": 5,
  "fold_metrics": [
    {
      "best_epoch": 20,
      "early_stopping_monitor": null,
      "epochs_ran": 20,
      "fold": 0,
      "macro_f1": 0.7316526610644258,
      "macro_pr_auc": 0.741643274502048,
      "macro_recall": 0.8350168350168351,
      "per_code": {
        "blur": {
          "f1": 0.8,
          "pr_auc": 0.9406172110717566,
          "recall": 0.7272727272727273,
          "valid_positive_count": 11
        },
        "flash": {
          "f1": 0.8235294117647058,
          "pr_auc": 0.9593126124343876,
          "recall": 0.7777777777777778,
          "valid_positive_count": 18
        },
        "tunnel": {
          "f1": 0.5714285714285714,
          "pr_auc": 0.325,
          "recall": 1.0,
          "valid_positive_count": 2
        }
      },
      "threshold": 0.5,
      "valid_code_count": 3
    },
    {
      "best_epoch": 20,
      "early_stopping_monitor": null,
      "epochs_ran": 20,
      "fold": 1,
      "macro_f1": 0.571551724137931,
      "macro_pr_auc": 0.7748676390447614,
      "macro_recall": 0.5087719298245613,
      "per_code": {
        "blur": {
          "f1": 0.625,
          "pr_auc": 0.886024531024531,
          "recall": 0.5,
          "valid_positive_count": 10
        },
        "flash": {
          "f1": 0.6896551724137931,
          "pr_auc": 0.988578386109753,
          "recall": 0.5263157894736842,
          "valid_positive_count": 19
        },
        "tunnel": {
          "f1": 0.4,
          "pr_auc": 0.45,
          "recall": 0.5,
          "valid_positive_count": 2
        }
      },
      "threshold": 0.5,
      "valid_code_count": 3
    },
    {
      "best_epoch": 20,
      "early_stopping_monitor": null,
      "epochs_ran": 20,
      "fold": 2,
      "macro_f1": 0.8097643097643097,
      "macro_pr_auc": 0.8307986924334222,
      "macro_recall": 0.7542087542087542,
      "per_code": {
        "blur": {
          "f1": 0.8181818181818182,
          "pr_auc": 0.851164492073583,
          "recall": 0.8181818181818182,
          "valid_positive_count": 11
        },
        "flash": {
          "f1": 0.9444444444444444,
          "pr_auc": 0.9745649185600167,
          "recall": 0.9444444444444444,
          "valid_positive_count": 18
        },
        "tunnel": {
          "f1": 0.6666666666666666,
          "pr_auc": 0.6666666666666666,
          "recall": 0.5,
          "valid_positive_count": 2
        }
      },
      "threshold": 0.5,
      "valid_code_count": 3
    },
    {
      "best_epoch": 20,
      "early_stopping_monitor": null,
      "epochs_ran": 20,
      "fold": 3,
      "macro_f1": 0.6370370370370371,
      "macro_pr_auc": 0.8579989711934157,
      "macro_recall": 0.6222222222222222,
      "per_code": {
        "blur": {
          "f1": 0.7777777777777778,
          "pr_auc": 0.8826388888888889,
          "recall": 0.7,
          "valid_positive_count": 10
        },
        "flash": {
          "f1": 0.8,
          "pr_auc": 0.9913580246913581,
          "recall": 0.6666666666666666,
          "valid_positive_count": 18
        },
        "tunnel": {
          "f1": 0.3333333333333333,
          "pr_auc": 0.7,
          "recall": 0.5,
          "valid_positive_count": 2
        }
      },
      "threshold": 0.5,
      "valid_code_count": 3
    },
    {
      "best_epoch": 20,
      "early_stopping_monitor": null,
      "epochs_ran": 20,
      "fold": 4,
      "macro_f1": 0.7272727272727272,
      "macro_pr_auc": 0.8767455316642808,
      "macro_recall": 0.7153110047846889,
      "per_code": {
        "blur": {
          "f1": 0.8333333333333334,
          "pr_auc": 0.8916582088830893,
          "recall": 0.9090909090909091,
          "valid_positive_count": 11
        },
        "flash": {
          "f1": 0.8484848484848485,
          "pr_auc": 0.988578386109753,
          "recall": 0.7368421052631579,
          "valid_positive_count": 19
        },
        "tunnel": {
          "f1": 0.5,
          "pr_auc": 0.75,
          "recall": 0.5,
          "valid_positive_count": 2
        }
      },
      "threshold": 0.5,
      "valid_code_count": 3
    }
  ],
  "fold_scheme": "weld_independent",
  "mode": "window_mil",
  "run_folds": [
    0,
    1,
    2,
    3,
    4
  ],
  "sample_count": 101
}
runs=1 ok=True
OK /home/user/PROJECT/MMDII/MMDII-Core/outputs/time-frequency-v0-2-1/seed-7-raw_plus_cwt-resnet2d_small-mean samples=101
{
  "aggregator": "max",
  "completed_fold_count": 5,
  "fold_count": 5,
  "fold_metrics": [
    {
      "best_epoch": 20,
      "early_stopping_monitor": null,
      "epochs_ran": 20,
      "fold": 0,
      "macro_f1": 0.6541274817136887,
      "macro_pr_auc": 0.8830020726671054,
      "macro_recall": 0.8215488215488215,
      "per_code": {
        "blur": {
          "f1": 0.9090909090909091,
          "pr_auc": 0.986013986013986,
          "recall": 0.9090909090909091,
          "valid_positive_count": 11
        },
        "flash": {
          "f1": 0.6896551724137931,
          "pr_auc": 0.9629922319873301,
          "recall": 0.5555555555555556,
          "valid_positive_count": 18
        },
        "tunnel": {
          "f1": 0.36363636363636365,
          "pr_auc": 0.7,
          "recall": 1.0,
          "valid_positive_count": 2
        }
      },
      "threshold": 0.5,
      "valid_code_count": 3
    },
    {
      "best_epoch": 20,
      "early_stopping_monitor": null,
      "epochs_ran": 20,
      "fold": 1,
      "macro_f1": 0.3653846153846154,
      "macro_pr_auc": 0.657250609245069,
      "macro_recall": 0.356140350877193,
      "per_code": {
        "blur": {
          "f1": 0.3076923076923077,
          "pr_auc": 0.712220323536113,
          "recall": 0.2,
          "valid_positive_count": 10
        },
        "flash": {
          "f1": 0.5384615384615384,
          "pr_auc": 0.9916743613419512,
          "recall": 0.3684210526315789,
          "valid_positive_count": 19
        },
        "tunnel": {
          "f1": 0.25,
          "pr_auc": 0.26785714285714285,
          "recall": 0.5,
          "valid_positive_count": 2
        }
      },
      "threshold": 0.5,
      "valid_code_count": 3
    },
    {
      "best_epoch": 20,
      "early_stopping_monitor": null,
      "epochs_ran": 20,
      "fold": 2,
      "macro_f1": 0.7097222222222221,
      "macro_pr_auc": 0.7462913633268499,
      "macro_recall": 0.9074074074074074,
      "per_code": {
        "blur": {
          "f1": 0.9166666666666666,
          "pr_auc": 0.9543335452426362,
          "recall": 1.0,
          "valid_positive_count": 11
        },
        "flash": {
          "f1": 0.8125,
          "pr_auc": 0.9595405447379133,
          "recall": 0.7222222222222222,
          "valid_positive_count": 18
        },
        "tunnel": {
          "f1": 0.4,
          "pr_auc": 0.325,
          "recall": 1.0,
          "valid_positive_count": 2
        }
      },
      "threshold": 0.5,
      "valid_code_count": 3
    },
    {
      "best_epoch": 20,
      "early_stopping_monitor": null,
      "epochs_ran": 20,
      "fold": 3,
      "macro_f1": 0.6323232323232323,
      "macro_pr_auc": 0.8208091677239424,
      "macro_recall": 0.8037037037037038,
      "per_code": {
        "blur": {
          "f1": 0.8,
          "pr_auc": 0.8918300653594771,
          "recall": 0.8,
          "valid_positive_count": 10
        },
        "flash": {
          "f1": 0.7333333333333333,
          "pr_auc": 0.9455974378123503,
          "recall": 0.6111111111111112,
          "valid_positive_count": 18
        },
        "tunnel": {
          "f1": 0.36363636363636365,
          "pr_auc": 0.625,
          "recall": 1.0,
          "valid_positive_count": 2
        }
      },
      "threshold": 0.5,
      "valid_code_count": 3
    },
    {
      "best_epoch": 20,
      "early_stopping_monitor": null,
      "epochs_ran": 20,
      "fold": 4,
      "macro_f1": 0.7164021164021165,
      "macro_pr_auc": 0.9124129322240258,
      "macro_recall": 0.6858054226475279,
      "per_code": {
        "blur": {
          "f1": 0.7777777777777778,
          "pr_auc": 0.9443671161374512,
          "recall": 0.6363636363636364,
          "valid_positive_count": 11
        },
        "flash": {
          "f1": 0.5714285714285714,
          "pr_auc": 0.959538347201293,
          "recall": 0.42105263157894735,
          "valid_positive_count": 19
        },
        "tunnel": {
          "f1": 0.8,
          "pr_auc": 0.8333333333333333,
          "recall": 1.0,
          "valid_positive_count": 2
        }
      },
      "threshold": 0.5,
      "valid_code_count": 3
    }
  ],
  "fold_scheme": "weld_independent",
  "mode": "window_mil",
  "run_folds": [
    0,
    1,
    2,
    3,
    4
  ],
  "sample_count": 101
}
runs=1 ok=True
OK /home/user/PROJECT/MMDII/MMDII-Core/outputs/time-frequency-v0-2-1/seed-7-raw_plus_cwt-resnet2d_small-max samples=101
{
  "aggregator": "topk_mean",
  "completed_fold_count": 5,
  "fold_count": 5,
  "fold_metrics": [
    {
      "best_epoch": 20,
      "early_stopping_monitor": null,
      "epochs_ran": 20,
      "fold": 0,
      "macro_f1": 0.4076628352490421,
      "macro_pr_auc": 0.6634096794636011,
      "macro_recall": 0.3063973063973064,
      "per_code": {
        "blur": {
          "f1": 0.5333333333333333,
          "pr_auc": 0.8713064713064713,
          "recall": 0.36363636363636365,
          "valid_positive_count": 11
        },
        "flash": {
          "f1": 0.6896551724137931,
          "pr_auc": 0.9363828845446494,
          "recall": 0.5555555555555556,
          "valid_positive_count": 18
        },
        "tunnel": {
          "f1": 0.0,
          "pr_auc": 0.18253968253968253,
          "recall": 0.0,
          "valid_positive_count": 2
        }
      },
      "threshold": 0.5,
      "valid_code_count": 3
    },
    {
      "best_epoch": 20,
      "early_stopping_monitor": null,
      "epochs_ran": 20,
      "fold": 1,
      "macro_f1": 0.5843824119686188,
      "macro_pr_auc": 0.7382203907203907,
      "macro_recall": 0.5754385964912281,
      "per_code": {
        "blur": {
          "f1": 0.7777777777777778,
          "pr_auc": 0.9051373626373626,
          "recall": 0.7,
          "valid_positive_count": 10
        },
        "flash": {
          "f1": 0.6896551724137931,
          "pr_auc": 0.9999999999999998,
          "recall": 0.5263157894736842,
          "valid_positive_count": 19
        },
        "tunnel": {
          "f1": 0.2857142857142857,
          "pr_auc": 0.30952380952380953,
          "recall": 0.5,
          "valid_positive_count": 2
        }
      },
      "threshold": 0.5,
      "valid_code_count": 3
    },
    {
      "best_epoch": 20,
      "early_stopping_monitor": null,
      "epochs_ran": 20,
      "fold": 2,
      "macro_f1": 0.6982128982128982,
      "macro_pr_auc": 0.8865084866718854,
      "macro_recall": 0.7592592592592592,
      "per_code": {
        "blur": {
          "f1": 0.8461538461538461,
          "pr_auc": 0.9504495504495505,
          "recall": 1.0,
          "valid_positive_count": 11
        },
        "flash": {
          "f1": 0.8484848484848485,
          "pr_auc": 0.9590759095661057,
          "recall": 0.7777777777777778,
          "valid_positive_count": 18
        },
        "tunnel": {
          "f1": 0.4,
          "pr_auc": 0.75,
          "recall": 0.5,
          "valid_positive_count": 2
        }
      },
      "threshold": 0.5,
      "valid_code_count": 3
    },
    {
      "best_epoch": 20,
      "early_stopping_monitor": null,
      "epochs_ran": 20,
      "fold": 3,
      "macro_f1": 0.6245098039215686,
      "macro_pr_auc": 0.7278370987521314,
      "macro_recall": 0.6222222222222222,
      "per_code": {
        "blur": {
          "f1": 0.8235294117647058,
          "pr_auc": 0.8858974358974357,
          "recall": 0.7,
          "valid_positive_count": 10
        },
        "flash": {
          "f1": 0.8,
          "pr_auc": 0.988090050835149,
          "recall": 0.6666666666666666,
          "valid_positive_count": 18
        },
        "tunnel": {
          "f1": 0.25,
          "pr_auc": 0.30952380952380953,
          "recall": 0.5,
          "valid_positive_count": 2
        }
      },
      "threshold": 0.5,
      "valid_code_count": 3
    },
    {
      "best_epoch": 20,
      "early_stopping_monitor": null,
      "epochs_ran": 20,
      "fold": 4,
      "macro_f1": 0.7616541353383459,
      "macro_pr_auc": 0.9801863602845353,
      "macro_recall": 0.733652312599681,
      "per_code": {
        "blur": {
          "f1": 0.8421052631578947,
          "pr_auc": 0.9757575757575758,
          "recall": 0.7272727272727273,
          "valid_positive_count": 11
        },
        "flash": {
          "f1": 0.6428571428571429,
          "pr_auc": 0.9648015050960299,
          "recall": 0.47368421052631576,
          "valid_positive_count": 19
        },
        "tunnel": {
          "f1": 0.8,
          "pr_auc": 1.0,
          "recall": 1.0,
          "valid_positive_count": 2
        }
      },
      "threshold": 0.5,
      "valid_code_count": 3
    }
  ],
  "fold_scheme": "weld_independent",
  "mode": "window_mil",
  "run_folds": [
    0,
    1,
    2,
    3,
    4
  ],
  "sample_count": 101
}
runs=1 ok=True
OK /home/user/PROJECT/MMDII/MMDII-Core/outputs/time-frequency-v0-2-1/seed-7-raw_plus_cwt-resnet2d_small-topk_mean samples=101
{
  "aggregator": "gated_attention",
  "completed_fold_count": 5,
  "fold_count": 5,
  "fold_metrics": [
    {
      "best_epoch": 20,
      "early_stopping_monitor": null,
      "epochs_ran": 20,
      "fold": 0,
      "macro_f1": 0.7152777777777777,
      "macro_pr_auc": 0.9669232138450249,
      "macro_recall": 0.755892255892256,
      "per_code": {
        "blur": {
          "f1": 0.6666666666666666,
          "pr_auc": 0.9254656959202414,
          "recall": 0.5454545454545454,
          "valid_positive_count": 11
        },
        "flash": {
          "f1": 0.8125,
          "pr_auc": 0.9753039456148334,
          "recall": 0.7222222222222222,
          "valid_positive_count": 18
        },
        "tunnel": {
          "f1": 0.6666666666666666,
          "pr_auc": 1.0,
          "recall": 1.0,
          "valid_positive_count": 2
        }
      },
      "threshold": 0.5,
      "valid_code_count": 3
    },
    {
      "best_epoch": 20,
      "early_stopping_monitor": null,
      "epochs_ran": 20,
      "fold": 1,
      "macro_f1": 0.6745098039215686,
      "macro_pr_auc": 0.7344769770751519,
      "macro_recall": 0.7456140350877193,
      "per_code": {
        "blur": {
          "f1": 0.8,
          "pr_auc": 0.9283119658119657,
          "recall": 1.0,
          "valid_positive_count": 10
        },
        "flash": {
          "f1": 0.8235294117647058,
          "pr_auc": 0.9536903939849188,
          "recall": 0.7368421052631579,
          "valid_positive_count": 19
        },
        "tunnel": {
          "f1": 0.4,
          "pr_auc": 0.3214285714285714,
          "recall": 0.5,
          "valid_positive_count": 2
        }
      },
      "threshold": 0.5,
      "valid_code_count": 3
    },
    {
      "best_epoch": 20,
      "early_stopping_monitor": null,
      "epochs_ran": 20,
      "fold": 2,
      "macro_f1": 0.759018759018759,
      "macro_pr_auc": 0.8442698694526181,
      "macro_recall": 0.6683501683501684,
      "per_code": {
        "blur": {
          "f1": 0.7619047619047619,
          "pr_auc": 0.8075618825618827,
          "recall": 0.7272727272727273,
          "valid_positive_count": 11
        },
        "flash": {
          "f1": 0.8484848484848485,
          "pr_auc": 0.9752477257959715,
          "recall": 0.7777777777777778,
          "valid_positive_count": 18
        },
        "tunnel": {
          "f1": 0.6666666666666666,
          "pr_auc": 0.75,
          "recall": 0.5,
          "valid_positive_count": 2
        }
      },
      "threshold": 0.5,
      "valid_code_count": 3
    },
    {
      "best_epoch": 20,
      "early_stopping_monitor": null,
      "epochs_ran": 20,
      "fold": 3,
      "macro_f1": 0.6995098039215687,
      "macro_pr_auc": 0.8455573276625908,
      "macro_recall": 0.6592592592592593,
      "per_code": {
        "blur": {
          "f1": 0.8235294117647058,
          "pr_auc": 0.9284848484848484,
          "recall": 0.7,
          "valid_positive_count": 10
        },
        "flash": {
          "f1": 0.875,
          "pr_auc": 0.997076023391813,
          "recall": 0.7777777777777778,
          "valid_positive_count": 18
        },
        "tunnel": {
          "f1": 0.4,
          "pr_auc": 0.6111111111111112,
          "recall": 0.5,
          "valid_positive_count": 2
        }
      },
      "threshold": 0.5,
      "valid_code_count": 3
    },
    {
      "best_epoch": 20,
      "early_stopping_monitor": null,
      "epochs_ran": 20,
      "fold": 4,
      "macro_f1": 0.8061949417448138,
      "macro_pr_auc": 0.9317827396774764,
      "macro_recall": 0.8995215311004784,
      "per_code": {
        "blur": {
          "f1": 0.8695652173913043,
          "pr_auc": 0.9646464646464648,
          "recall": 0.9090909090909091,
          "valid_positive_count": 11
        },
        "flash": {
          "f1": 0.8823529411764706,
          "pr_auc": 0.9973684210526315,
          "recall": 0.7894736842105263,
          "valid_positive_count": 19
        },
        "tunnel": {
          "f1": 0.6666666666666666,
          "pr_auc": 0.8333333333333333,
          "recall": 1.0,
          "valid_positive_count": 2
        }
      },
      "threshold": 0.5,
      "valid_code_count": 3
    }
  ],
  "fold_scheme": "weld_independent",
  "mode": "window_mil",
  "run_folds": [
    0,
    1,
    2,
    3,
    4
  ],
  "sample_count": 101
}
runs=1 ok=True
OK /home/user/PROJECT/MMDII/MMDII-Core/outputs/time-frequency-v0-2-1/seed-7-raw_plus_cwt-resnet2d_small-gated_attention samples=101
{
  "aggregator": "mean",
  "completed_fold_count": 5,
  "fold_count": 5,
  "fold_metrics": [
    {
      "best_epoch": 20,
      "early_stopping_monitor": null,
      "epochs_ran": 20,
      "fold": 0,
      "macro_f1": 0.7725981620718462,
      "macro_pr_auc": 0.771299134063582,
      "macro_recall": 0.8417508417508417,
      "per_code": {
        "blur": {
          "f1": 0.7368421052631579,
          "pr_auc": 0.9273199023199024,
          "recall": 0.6363636363636364,
          "valid_positive_count": 11
        },
        "flash": {
          "f1": 0.9142857142857143,
          "pr_auc": 0.969910833204177,
          "recall": 0.8888888888888888,
          "valid_positive_count": 18
        },
        "tunnel": {
          "f1": 0.6666666666666666,
          "pr_auc": 0.41666666666666663,
          "recall": 1.0,
          "valid_positive_count": 2
        }
      },
      "threshold": 0.5,
      "valid_code_count": 3
    },
    {
      "best_epoch": 20,
      "early_stopping_monitor": null,
      "epochs_ran": 20,
      "fold": 1,
      "macro_f1": 0.7141494435612082,
      "macro_pr_auc": 0.8417194908966131,
      "macro_recall": 0.6982456140350877,
      "per_code": {
        "blur": {
          "f1": 0.8235294117647058,
          "pr_auc": 0.9532467532467531,
          "recall": 0.7,
          "valid_positive_count": 10
        },
        "flash": {
          "f1": 0.918918918918919,
          "pr_auc": 0.988578386109753,
          "recall": 0.8947368421052632,
          "valid_positive_count": 19
        },
        "tunnel": {
          "f1": 0.4,
          "pr_auc": 0.5833333333333334,
          "recall": 0.5,
          "valid_positive_count": 2
        }
      },
      "threshold": 0.5,
      "valid_code_count": 3
    },
    {
      "best_epoch": 20,
      "early_stopping_monitor": null,
      "epochs_ran": 20,
      "fold": 2,
      "macro_f1": 0.6713106295149638,
      "macro_pr_auc": 0.8820021537977022,
      "macro_recall": 0.6262626262626263,
      "per_code": {
        "blur": {
          "f1": 0.631578947368421,
          "pr_auc": 0.8736586645677555,
          "recall": 0.5454545454545454,
          "valid_positive_count": 11
        },
        "flash": {
          "f1": 0.8823529411764706,
          "pr_auc": 0.9390144634920178,
          "recall": 0.8333333333333334,
          "valid_positive_count": 18
        },
        "tunnel": {
          "f1": 0.5,
          "pr_auc": 0.8333333333333333,
          "recall": 0.5,
          "valid_positive_count": 2
        }
      },
      "threshold": 0.5,
      "valid_code_count": 3
    },
    {
      "best_epoch": 20,
      "early_stopping_monitor": null,
      "epochs_ran": 20,
      "fold": 3,
      "macro_f1": 0.6454661558109834,
      "macro_pr_auc": 0.8265258166294459,
      "macro_recall": 0.6037037037037037,
      "per_code": {
        "blur": {
          "f1": 0.7777777777777778,
          "pr_auc": 0.8888888888888888,
          "recall": 0.7,
          "valid_positive_count": 10
        },
        "flash": {
          "f1": 0.7586206896551724,
          "pr_auc": 0.9795774498883376,
          "recall": 0.6111111111111112,
          "valid_positive_count": 18
        },
        "tunnel": {
          "f1": 0.4,
          "pr_auc": 0.6111111111111112,
          "recall": 0.5,
          "valid_positive_count": 2
        }
      },
      "threshold": 0.5,
      "valid_code_count": 3
    },
    {
      "best_epoch": 20,
      "early_stopping_monitor": null,
      "epochs_ran": 20,
      "fold": 4,
      "macro_f1": 0.7506393861892583,
      "macro_pr_auc": 0.8141669358743143,
      "macro_recall": 0.7328548644338118,
      "per_code": {
        "blur": {
          "f1": 0.8695652173913043,
          "pr_auc": 0.9508264462809919,
          "recall": 0.9090909090909091,
          "valid_positive_count": 11
        },
        "flash": {
          "f1": 0.8823529411764706,
          "pr_auc": 0.9916743613419512,
          "recall": 0.7894736842105263,
          "valid_positive_count": 19
        },
        "tunnel": {
          "f1": 0.5,
          "pr_auc": 0.5,
          "recall": 0.5,
          "valid_positive_count": 2
        }
      },
      "threshold": 0.5,
      "valid_code_count": 3
    }
  ],
  "fold_scheme": "weld_independent",
  "mode": "window_mil",
  "run_folds": [
    0,
    1,
    2,
    3,
    4
  ],
  "sample_count": 101
}
runs=1 ok=True
OK /home/user/PROJECT/MMDII/MMDII-Core/outputs/time-frequency-v0-2-1/seed-7-raw_plus_cwt-convnext2d_lite-mean samples=101
{
  "aggregator": "max",
  "completed_fold_count": 5,
  "fold_count": 5,
  "fold_metrics": [
    {
      "best_epoch": 20,
      "early_stopping_monitor": null,
      "epochs_ran": 20,
      "fold": 0,
      "macro_f1": 0.432280701754386,
      "macro_pr_auc": 0.6742305945893682,
      "macro_recall": 0.34175084175084175,
      "per_code": {
        "blur": {
          "f1": 0.7368421052631579,
          "pr_auc": 0.9128394332939789,
          "recall": 0.6363636363636364,
          "valid_positive_count": 11
        },
        "flash": {
          "f1": 0.56,
          "pr_auc": 0.9689432595650347,
          "recall": 0.3888888888888889,
          "valid_positive_count": 18
        },
        "tunnel": {
          "f1": 0.0,
          "pr_auc": 0.14090909090909093,
          "recall": 0.0,
          "valid_positive_count": 2
        }
      },
      "threshold": 0.5,
      "valid_code_count": 3
    },
    {
      "best_epoch": 20,
      "early_stopping_monitor": null,
      "epochs_ran": 20,
      "fold": 1,
      "macro_f1": 0.5079365079365079,
      "macro_pr_auc": 0.7098299428228546,
      "macro_recall": 0.47543859649122805,
      "per_code": {
        "blur": {
          "f1": 0.8571428571428571,
          "pr_auc": 0.9558119658119658,
          "recall": 0.9,
          "valid_positive_count": 10
        },
        "flash": {
          "f1": 0.6666666666666666,
          "pr_auc": 0.9308207197994551,
          "recall": 0.5263157894736842,
          "valid_positive_count": 19
        },
        "tunnel": {
          "f1": 0.0,
          "pr_auc": 0.24285714285714285,
          "recall": 0.0,
          "valid_positive_count": 2
        }
      },
      "threshold": 0.5,
      "valid_code_count": 3
    },
    {
      "best_epoch": 20,
      "early_stopping_monitor": null,
      "epochs_ran": 20,
      "fold": 2,
      "macro_f1": 0.7701418108150225,
      "macro_pr_auc": 0.8092935254856323,
      "macro_recall": 0.6919191919191919,
      "per_code": {
        "blur": {
          "f1": 0.8695652173913043,
          "pr_auc": 0.8906172110717565,
          "recall": 0.9090909090909091,
          "valid_positive_count": 11
        },
        "flash": {
          "f1": 0.7741935483870968,
          "pr_auc": 0.965834793956569,
          "recall": 0.6666666666666666,
          "valid_positive_count": 18
        },
        "tunnel": {
          "f1": 0.6666666666666666,
          "pr_auc": 0.5714285714285714,
          "recall": 0.5,
          "valid_positive_count": 2
        }
      },
      "threshold": 0.5,
      "valid_code_count": 3
    },
    {
      "best_epoch": 20,
      "early_stopping_monitor": null,
      "epochs_ran": 20,
      "fold": 3,
      "macro_f1": 0.5409652076318743,
      "macro_pr_auc": 0.6594151151534192,
      "macro_recall": 0.6814814814814815,
      "per_code": {
        "blur": {
          "f1": 0.6666666666666666,
          "pr_auc": 0.850108225108225,
          "recall": 0.6,
          "valid_positive_count": 10
        },
        "flash": {
          "f1": 0.5925925925925926,
          "pr_auc": 0.9455974378123503,
          "recall": 0.4444444444444444,
          "valid_positive_count": 18
        },
        "tunnel": {
          "f1": 0.36363636363636365,
          "pr_auc": 0.18253968253968253,
          "recall": 1.0,
          "valid_positive_count": 2
        }
      },
      "threshold": 0.5,
      "valid_code_count": 3
    },
    {
      "best_epoch": 20,
      "early_stopping_monitor": null,
      "epochs_ran": 20,
      "fold": 4,
      "macro_f1": 0.7222222222222223,
      "macro_pr_auc": 0.8125002108646399,
      "macro_recall": 0.7942583732057417,
      "per_code": {
        "blur": {
          "f1": 0.9523809523809523,
          "pr_auc": 0.9679144385026739,
          "recall": 0.9090909090909091,
          "valid_positive_count": 11
        },
        "flash": {
          "f1": 0.6428571428571429,
          "pr_auc": 0.9695861940912454,
          "recall": 0.47368421052631576,
          "valid_positive_count": 19
        },
        "tunnel": {
          "f1": 0.5714285714285714,
          "pr_auc": 0.5,
          "recall": 1.0,
          "valid_positive_count": 2
        }
      },
      "threshold": 0.5,
      "valid_code_count": 3
    }
  ],
  "fold_scheme": "weld_independent",
  "mode": "window_mil",
  "run_folds": [
    0,
    1,
    2,
    3,
    4
  ],
  "sample_count": 101
}
runs=1 ok=True
OK /home/user/PROJECT/MMDII/MMDII-Core/outputs/time-frequency-v0-2-1/seed-7-raw_plus_cwt-convnext2d_lite-max samples=101
{
  "aggregator": "topk_mean",
  "completed_fold_count": 5,
  "fold_count": 5,
  "fold_metrics": [
    {
      "best_epoch": 20,
      "early_stopping_monitor": null,
      "epochs_ran": 20,
      "fold": 0,
      "macro_f1": 0.5636200716845878,
      "macro_pr_auc": 0.6949788678509714,
      "macro_recall": 0.5555555555555555,
      "per_code": {
        "blur": {
          "f1": 0.9166666666666666,
          "pr_auc": 0.9406172110717566,
          "recall": 1.0,
          "valid_positive_count": 11
        },
        "flash": {
          "f1": 0.7741935483870968,
          "pr_auc": 0.9443193924811574,
          "recall": 0.6666666666666666,
          "valid_positive_count": 18
        },
        "tunnel": {
          "f1": 0.0,
          "pr_auc": 0.2,
          "recall": 0.0,
          "valid_positive_count": 2
        }
      },
      "threshold": 0.5,
      "valid_code_count": 3
    },
    {
      "best_epoch": 20,
      "early_stopping_monitor": null,
      "epochs_ran": 20,
      "fold": 1,
      "macro_f1": 0.5524813350900307,
      "macro_pr_auc": 0.7123929499911249,
      "macro_recall": 0.5614035087719298,
      "per_code": {
        "blur": {
          "f1": 0.8695652173913043,
          "pr_auc": 0.9572979797979798,
          "recall": 1.0,
          "valid_positive_count": 10
        },
        "flash": {
          "f1": 0.7878787878787878,
          "pr_auc": 0.9536903939849188,
          "recall": 0.6842105263157895,
          "valid_positive_count": 19
        },
        "tunnel": {
          "f1": 0.0,
          "pr_auc": 0.22619047619047616,
          "recall": 0.0,
          "valid_positive_count": 2
        }
      },
      "threshold": 0.5,
      "valid_code_count": 3
    },
    {
      "best_epoch": 20,
      "early_stopping_monitor": null,
      "epochs_ran": 20,
      "fold": 2,
      "macro_f1": 0.7597222222222223,
      "macro_pr_auc": 0.8549850253437988,
      "macro_recall": 0.6498316498316498,
      "per_code": {
        "blur": {
          "f1": 0.8,
          "pr_auc": 0.85425357470812,
          "recall": 0.7272727272727273,
          "valid_positive_count": 11
        },
        "flash": {
          "f1": 0.8125,
          "pr_auc": 0.9607015013232765,
          "recall": 0.7222222222222222,
          "valid_positive_count": 18
        },
        "tunnel": {
          "f1": 0.6666666666666666,
          "pr_auc": 0.75,
          "recall": 0.5,
          "valid_positive_count": 2
        }
      },
      "threshold": 0.5,
      "valid_code_count": 3
    },
    {
      "best_epoch": 20,
      "early_stopping_monitor": null,
      "epochs_ran": 20,
      "fold": 3,
      "macro_f1": 0.6902356902356903,
      "macro_pr_auc": 0.6986902468494316,
      "macro_recall": 0.825925925925926,
      "per_code": {
        "blur": {
          "f1": 0.7777777777777778,
          "pr_auc": 0.9159848484848484,
          "recall": 0.7,
          "valid_positive_count": 10
        },
        "flash": {
          "f1": 0.8484848484848485,
          "pr_auc": 0.9538954158729702,
          "recall": 0.7777777777777778,
          "valid_positive_count": 18
        },
        "tunnel": {
          "f1": 0.4444444444444444,
          "pr_auc": 0.22619047619047616,
          "recall": 1.0,
          "valid_positive_count": 2
        }
      },
      "threshold": 0.5,
      "valid_code_count": 3
    },
    {
      "best_epoch": 20,
      "early_stopping_monitor": null,
      "epochs_ran": 20,
      "fold": 4,
      "macro_f1": 0.6142857142857143,
      "macro_pr_auc": 0.7500487391780147,
      "macro_recall": 0.5669856459330144,
      "per_code": {
        "blur": {
          "f1": 0.8,
          "pr_auc": 0.9054588088678999,
          "recall": 0.7272727272727273,
          "valid_positive_count": 11
        },
        "flash": {
          "f1": 0.6428571428571429,
          "pr_auc": 0.9780207419994773,
          "recall": 0.47368421052631576,
          "valid_positive_count": 19
        },
        "tunnel": {
          "f1": 0.4,
          "pr_auc": 0.3666666666666667,
          "recall": 0.5,
          "valid_positive_count": 2
        }
      },
      "threshold": 0.5,
      "valid_code_count": 3
    }
  ],
  "fold_scheme": "weld_independent",
  "mode": "window_mil",
  "run_folds": [
    0,
    1,
    2,
    3,
    4
  ],
  "sample_count": 101
}
runs=1 ok=True
OK /home/user/PROJECT/MMDII/MMDII-Core/outputs/time-frequency-v0-2-1/seed-7-raw_plus_cwt-convnext2d_lite-topk_mean samples=101
{
  "aggregator": "gated_attention",
  "completed_fold_count": 5,
  "fold_count": 5,
  "fold_metrics": [
    {
      "best_epoch": 20,
      "early_stopping_monitor": null,
      "epochs_ran": 20,
      "fold": 0,
      "macro_f1": 0.8046555872642829,
      "macro_pr_auc": 0.7907667646902098,
      "macro_recall": 0.9696969696969697,
      "per_code": {
        "blur": {
          "f1": 0.8695652173913043,
          "pr_auc": 0.9585576040121495,
          "recall": 0.9090909090909091,
          "valid_positive_count": 11
        },
        "flash": {
          "f1": 0.972972972972973,
          "pr_auc": 0.997076023391813,
          "recall": 1.0,
          "valid_positive_count": 18
        },
        "tunnel": {
          "f1": 0.5714285714285714,
          "pr_auc": 0.41666666666666663,
          "recall": 1.0,
          "valid_positive_count": 2
        }
      },
      "threshold": 0.5,
      "valid_code_count": 3
    },
    {
      "best_epoch": 20,
      "early_stopping_monitor": null,
      "epochs_ran": 20,
      "fold": 1,
      "macro_f1": 0.7226579520697167,
      "macro_pr_auc": 0.7678770157717526,
      "macro_recall": 0.6982456140350877,
      "per_code": {
        "blur": {
          "f1": 0.8235294117647058,
          "pr_auc": 0.9451515151515152,
          "recall": 0.7,
          "valid_positive_count": 10
        },
        "flash": {
          "f1": 0.9444444444444444,
          "pr_auc": 0.9973684210526315,
          "recall": 0.8947368421052632,
          "valid_positive_count": 19
        },
        "tunnel": {
          "f1": 0.4,
          "pr_auc": 0.3611111111111111,
          "recall": 0.5,
          "valid_positive_count": 2
        }
      },
      "threshold": 0.5,
      "valid_code_count": 3
    },
    {
      "best_epoch": 20,
      "early_stopping_monitor": null,
      "epochs_ran": 20,
      "fold": 2,
      "macro_f1": 0.7047619047619048,
      "macro_pr_auc": 0.8556955828606156,
      "macro_recall": 0.7053872053872053,
      "per_code": {
        "blur": {
          "f1": 0.8,
          "pr_auc": 0.9014249639249641,
          "recall": 0.7272727272727273,
          "valid_positive_count": 11
        },
        "flash": {
          "f1": 0.9142857142857143,
          "pr_auc": 0.9656617846568829,
          "recall": 0.8888888888888888,
          "valid_positive_count": 18
        },
        "tunnel": {
          "f1": 0.4,
          "pr_auc": 0.7,
          "recall": 0.5,
          "valid_positive_count": 2
        }
      },
      "threshold": 0.5,
      "valid_code_count": 3
    },
    {
      "best_epoch": 20,
      "early_stopping_monitor": null,
      "epochs_ran": 20,
      "fold": 3,
      "macro_f1": 0.7363636363636363,
      "macro_pr_auc": 0.8334377110168304,
      "macro_recall": 0.7111111111111111,
      "per_code": {
        "blur": {
          "f1": 0.8,
          "pr_auc": 0.8952124183006535,
          "recall": 0.8,
          "valid_positive_count": 10
        },
        "flash": {
          "f1": 0.9090909090909091,
          "pr_auc": 0.9939896036387266,
          "recall": 0.8333333333333334,
          "valid_positive_count": 18
        },
        "tunnel": {
          "f1": 0.5,
          "pr_auc": 0.6111111111111112,
          "recall": 0.5,
          "valid_positive_count": 2
        }
      },
      "threshold": 0.5,
      "valid_code_count": 3
    },
    {
      "best_epoch": 20,
      "early_stopping_monitor": null,
      "epochs_ran": 20,
      "fold": 4,
      "macro_f1": 0.8506393861892582,
      "macro_pr_auc": 0.9197972610796464,
      "macro_recall": 0.8995215311004784,
      "per_code": {
        "blur": {
          "f1": 0.8695652173913043,
          "pr_auc": 0.9374800637958534,
          "recall": 0.9090909090909091,
          "valid_positive_count": 11
        },
        "flash": {
          "f1": 0.8823529411764706,
          "pr_auc": 0.988578386109753,
          "recall": 0.7894736842105263,
          "valid_positive_count": 19
        },
        "tunnel": {
          "f1": 0.8,
          "pr_auc": 0.8333333333333333,
          "recall": 1.0,
          "valid_positive_count": 2
        }
      },
      "threshold": 0.5,
      "valid_code_count": 3
    }
  ],
  "fold_scheme": "weld_independent",
  "mode": "window_mil",
  "run_folds": [
    0,
    1,
    2,
    3,
    4
  ],
  "sample_count": 101
}
runs=1 ok=True
OK /home/user/PROJECT/MMDII/MMDII-Core/outputs/time-frequency-v0-2-1/seed-7-raw_plus_cwt-convnext2d_lite-gated_attention samples=101
{
  "aggregator": "mean",
  "completed_fold_count": 5,
  "fold_count": 5,
  "fold_metrics": [
    {
      "fold": 0,
      "macro_f1": 0.7808460634547592,
      "macro_pr_auc": 0.9625759762123399,
      "macro_recall": 0.9696969696969697,
      "per_code": {
        "blur": {
          "f1": 0.8695652173913043,
          "pr_auc": 0.8877279286370197,
          "recall": 0.9090909090909091,
          "valid_positive_count": 11
        },
        "flash": {
          "f1": 0.972972972972973,
          "pr_auc": 1.0,
          "recall": 1.0,
          "valid_positive_count": 18
        },
        "tunnel": {
          "f1": 0.5,
          "pr_auc": 1.0,
          "recall": 1.0,
          "valid_positive_count": 2
        }
      },
      "threshold": 0.5,
      "valid_code_count": 3
    },
    {
      "fold": 1,
      "macro_f1": 0.7057280883367839,
      "macro_pr_auc": 0.8315129989021955,
      "macro_recall": 0.7807017543859649,
      "per_code": {
        "blur": {
          "f1": 0.8695652173913043,
          "pr_auc": 0.8361979686979686,
          "recall": 1.0,
          "valid_positive_count": 10
        },
        "flash": {
          "f1": 0.9142857142857143,
          "pr_auc": 0.9916743613419512,
          "recall": 0.8421052631578947,
          "valid_positive_count": 19
        },
        "tunnel": {
          "f1": 0.3333333333333333,
          "pr_auc": 0.6666666666666666,
          "recall": 0.5,
          "valid_positive_count": 2
        }
      },
      "threshold": 0.5,
      "valid_code_count": 3
    },
    {
      "fold": 2,
      "macro_f1": 0.67987012987013,
      "macro_pr_auc": 0.8609728234728236,
      "macro_recall": 0.7542087542087542,
      "per_code": {
        "blur": {
          "f1": 0.8181818181818182,
          "pr_auc": 0.9456168831168832,
          "recall": 0.8181818181818182,
          "valid_positive_count": 11
        },
        "flash": {
          "f1": 0.9714285714285714,
          "pr_auc": 0.9944444444444446,
          "recall": 0.9444444444444444,
          "valid_positive_count": 18
        },
        "tunnel": {
          "f1": 0.25,
          "pr_auc": 0.6428571428571428,
          "recall": 0.5,
          "valid_positive_count": 2
        }
      },
      "threshold": 0.5,
      "valid_code_count": 3
    },
    {
      "fold": 3,
      "macro_f1": 0.6670653907496013,
      "macro_pr_auc": 0.8458333333333333,
      "macro_recall": 0.7111111111111111,
      "per_code": {
        "blur": {
          "f1": 0.8421052631578947,
          "pr_auc": 0.9263888888888888,
          "recall": 0.8,
          "valid_positive_count": 10
        },
        "flash": {
          "f1": 0.9090909090909091,
          "pr_auc": 1.0,
          "recall": 0.8333333333333334,
          "valid_positive_count": 18
        },
        "tunnel": {
          "f1": 0.25,
          "pr_auc": 0.6111111111111112,
          "recall": 0.5,
          "valid_positive_count": 2
        }
      },
      "threshold": 0.5,
      "valid_code_count": 3
    },
    {
      "fold": 4,
      "macro_f1": 0.7542087542087542,
      "macro_pr_auc": 0.8378171093482099,
      "macro_recall": 0.7376395534290271,
      "per_code": {
        "blur": {
          "f1": 0.8181818181818182,
          "pr_auc": 0.8160829069919979,
          "recall": 0.8181818181818182,
          "valid_positive_count": 11
        },
        "flash": {
          "f1": 0.9444444444444444,
          "pr_auc": 0.9973684210526315,
          "recall": 0.8947368421052632,
          "valid_positive_count": 19
        },
        "tunnel": {
          "f1": 0.5,
          "pr_auc": 0.7,
          "recall": 0.5,
          "valid_positive_count": 2
        }
      },
      "threshold": 0.5,
      "valid_code_count": 3
    }
  ],
  "fold_scheme": "weld_independent",
  "mode": "statistical",
  "run_folds": [
    0,
    1,
    2,
    3,
    4
  ],
  "sample_count": 101
}
runs=1 ok=True
OK /home/user/PROJECT/MMDII/MMDII-Core/outputs/time-frequency-v0-2-1/seed-17-b0-statistical samples=101
{
  "aggregator": "mean",
  "completed_fold_count": 5,
  "fold_count": 5,
  "fold_metrics": [
    {
      "fold": 0,
      "macro_f1": 0.7803312629399586,
      "macro_pr_auc": 0.9018778758013207,
      "macro_recall": 0.7845117845117845,
      "per_code": {
        "blur": {
          "f1": 0.8695652173913043,
          "pr_auc": 0.9585576040121495,
          "recall": 0.9090909090909091,
          "valid_positive_count": 11
        },
        "flash": {
          "f1": 0.9714285714285714,
          "pr_auc": 0.9970760233918129,
          "recall": 0.9444444444444444,
          "valid_positive_count": 18
        },
        "tunnel": {
          "f1": 0.5,
          "pr_auc": 0.75,
          "recall": 0.5,
          "valid_positive_count": 2
        }
      },
      "threshold": 0.5,
      "valid_code_count": 3
    },
    {
      "fold": 1,
      "macro_f1": 0.7714285714285714,
      "macro_pr_auc": 0.7937115516062884,
      "macro_recall": 0.7473684210526316,
      "per_code": {
        "blur": {
          "f1": 0.9,
          "pr_auc": 0.9909090909090907,
          "recall": 0.9,
          "valid_positive_count": 10
        },
        "flash": {
          "f1": 0.9142857142857143,
          "pr_auc": 0.9973684210526316,
          "recall": 0.8421052631578947,
          "valid_positive_count": 19
        },
        "tunnel": {
          "f1": 0.5,
          "pr_auc": 0.39285714285714285,
          "recall": 0.5,
          "valid_positive_count": 2
        }
      },
      "threshold": 0.5,
      "valid_code_count": 3
    },
    {
      "fold": 2,
      "macro_f1": 0.7854864433811802,
      "macro_pr_auc": 0.8473948236574499,
      "macro_recall": 0.8030303030303031,
      "per_code": {
        "blur": {
          "f1": 0.9090909090909091,
          "pr_auc": 0.9258264462809918,
          "recall": 0.9090909090909091,
          "valid_positive_count": 11
        },
        "flash": {
          "f1": 0.9473684210526315,
          "pr_auc": 0.991358024691358,
          "recall": 1.0,
          "valid_positive_count": 18
        },
        "tunnel": {
          "f1": 0.5,
          "pr_auc": 0.625,
          "recall": 0.5,
          "valid_positive_count": 2
        }
      },
      "threshold": 0.5,
      "valid_code_count": 3
    },
    {
      "fold": 3,
      "macro_f1": 0.8210563504681151,
      "macro_pr_auc": 0.9008333333333334,
      "macro_recall": 0.7333333333333334,
      "per_code": {
        "blur": {
          "f1": 0.8235294117647058,
          "pr_auc": 0.9525,
          "recall": 0.7,
          "valid_positive_count": 10
        },
        "flash": {
          "f1": 0.972972972972973,
          "pr_auc": 1.0,
          "recall": 1.0,
          "valid_positive_count": 18
        },
        "tunnel": {
          "f1": 0.6666666666666666,
          "pr_auc": 0.75,
          "recall": 0.5,
          "valid_positive_count": 2
        }
      },
      "threshold": 0.5,
      "valid_code_count": 3
    },
    {
      "fold": 4,
      "macro_f1": 0.8333333333333334,
      "macro_pr_auc": 0.9309944363420298,
      "macro_recall": 0.9696969696969697,
      "per_code": {
        "blur": {
          "f1": 0.8333333333333334,
          "pr_auc": 0.9596499756927566,
          "recall": 0.9090909090909091,
          "valid_positive_count": 11
        },
        "flash": {
          "f1": 1.0,
          "pr_auc": 0.9999999999999999,
          "recall": 1.0,
          "valid_positive_count": 19
        },
        "tunnel": {
          "f1": 0.6666666666666666,
          "pr_auc": 0.8333333333333333,
          "recall": 1.0,
          "valid_positive_count": 2
        }
      },
      "threshold": 0.5,
      "valid_code_count": 3
    }
  ],
  "fold_scheme": "weld_independent",
  "mode": "random_forest",
  "run_folds": [
    0,
    1,
    2,
    3,
    4
  ],
  "sample_count": 101
}
runs=1 ok=True
OK /home/user/PROJECT/MMDII/MMDII-Core/outputs/time-frequency-v0-2-1/seed-17-random-forest samples=101
{
  "aggregator": "mean",
  "completed_fold_count": 5,
  "fold_count": 5,
  "fold_metrics": [
    {
      "best_epoch": 20,
      "early_stopping_monitor": null,
      "epochs_ran": 20,
      "fold": 0,
      "macro_f1": 0.8258027848820687,
      "macro_pr_auc": 0.9289532483976929,
      "macro_recall": 0.9326599326599326,
      "per_code": {
        "blur": {
          "f1": 0.8695652173913043,
          "pr_auc": 0.7955017205017203,
          "recall": 0.9090909090909091,
          "valid_positive_count": 11
        },
        "flash": {
          "f1": 0.9411764705882353,
          "pr_auc": 0.9913580246913581,
          "recall": 0.8888888888888888,
          "valid_positive_count": 18
        },
        "tunnel": {
          "f1": 0.6666666666666666,
          "pr_auc": 1.0,
          "recall": 1.0,
          "valid_positive_count": 2
        }
      },
      "threshold": 0.5,
      "valid_code_count": 3
    },
    {
      "best_epoch": 20,
      "early_stopping_monitor": null,
      "epochs_ran": 20,
      "fold": 1,
      "macro_f1": 0.5580645161290323,
      "macro_pr_auc": 0.8260925039872408,
      "macro_recall": 0.5105263157894737,
      "per_code": {
        "blur": {
          "f1": 0.9,
          "pr_auc": 0.9809090909090908,
          "recall": 0.9,
          "valid_positive_count": 10
        },
        "flash": {
          "f1": 0.7741935483870968,
          "pr_auc": 0.9973684210526315,
          "recall": 0.631578947368421,
          "valid_positive_count": 19
        },
        "tunnel": {
          "f1": 0.0,
          "pr_auc": 0.5,
          "recall": 0.0,
          "valid_positive_count": 2
        }
      },
      "threshold": 0.5,
      "valid_code_count": 3
    },
    {
      "best_epoch": 20,
      "early_stopping_monitor": null,
      "epochs_ran": 20,
      "fold": 2,
      "macro_f1": 0.7319508448540706,
      "macro_pr_auc": 0.8671092301295259,
      "macro_recall": 0.8468013468013469,
      "per_code": {
        "blur": {
          "f1": 0.8571428571428571,
          "pr_auc": 0.9465709728867624,
          "recall": 0.8181818181818182,
          "valid_positive_count": 11
        },
        "flash": {
          "f1": 0.8387096774193549,
          "pr_auc": 0.988090050835149,
          "recall": 0.7222222222222222,
          "valid_positive_count": 18
        },
        "tunnel": {
          "f1": 0.5,
          "pr_auc": 0.6666666666666666,
          "recall": 1.0,
          "valid_positive_count": 2
        }
      },
      "threshold": 0.5,
      "valid_code_count": 3
    },
    {
      "best_epoch": 20,
      "early_stopping_monitor": null,
      "epochs_ran": 20,
      "fold": 3,
      "macro_f1": 0.6807017543859649,
      "macro_pr_auc": 0.7046551742604374,
      "macro_recall": 0.6555555555555556,
      "per_code": {
        "blur": {
          "f1": 0.8421052631578947,
          "pr_auc": 0.7389655227813122,
          "recall": 0.8,
          "valid_positive_count": 10
        },
        "flash": {
          "f1": 0.8,
          "pr_auc": 1.0,
          "recall": 0.6666666666666666,
          "valid_positive_count": 18
        },
        "tunnel": {
          "f1": 0.4,
          "pr_auc": 0.375,
          "recall": 0.5,
          "valid_positive_count": 2
        }
      },
      "threshold": 0.5,
      "valid_code_count": 3
    },
    {
      "best_epoch": 20,
      "early_stopping_monitor": null,
      "epochs_ran": 20,
      "fold": 4,
      "macro_f1": 0.7949055775142732,
      "macro_pr_auc": 0.8613481366616226,
      "macro_recall": 0.8819776714513555,
      "per_code": {
        "blur": {
          "f1": 0.8695652173913043,
          "pr_auc": 0.8454660238751148,
          "recall": 0.9090909090909091,
          "valid_positive_count": 11
        },
        "flash": {
          "f1": 0.8484848484848485,
          "pr_auc": 0.988578386109753,
          "recall": 0.7368421052631579,
          "valid_positive_count": 19
        },
        "tunnel": {
          "f1": 0.6666666666666666,
          "pr_auc": 0.75,
          "recall": 1.0,
          "valid_positive_count": 2
        }
      },
      "threshold": 0.5,
      "valid_code_count": 3
    }
  ],
  "fold_scheme": "weld_independent",
  "mode": "full_signal",
  "run_folds": [
    0,
    1,
    2,
    3,
    4
  ],
  "sample_count": 101
}
runs=1 ok=True
OK /home/user/PROJECT/MMDII/MMDII-Core/outputs/time-frequency-v0-2-1/seed-17-e0-full-signal samples=101
{
  "aggregator": "mean",
  "completed_fold_count": 5,
  "fold_count": 5,
  "fold_metrics": [
    {
      "best_epoch": 20,
      "early_stopping_monitor": null,
      "epochs_ran": 20,
      "fold": 0,
      "macro_f1": 0.7960858585858586,
      "macro_pr_auc": 0.8671483250070985,
      "macro_recall": 0.8771043771043772,
      "per_code": {
        "blur": {
          "f1": 0.9090909090909091,
          "pr_auc": 0.8087990292535745,
          "recall": 0.9090909090909091,
          "valid_positive_count": 11
        },
        "flash": {
          "f1": 0.8125,
          "pr_auc": 0.9593126124343876,
          "recall": 0.7222222222222222,
          "valid_positive_count": 18
        },
        "tunnel": {
          "f1": 0.6666666666666666,
          "pr_auc": 0.8333333333333333,
          "recall": 1.0,
          "valid_positive_count": 2
        }
      },
      "threshold": 0.5,
      "valid_code_count": 3
    },
    {
      "best_epoch": 20,
      "early_stopping_monitor": null,
      "epochs_ran": 20,
      "fold": 1,
      "macro_f1": 0.7763347763347763,
      "macro_pr_auc": 0.8967935621882989,
      "macro_recall": 0.912280701754386,
      "per_code": {
        "blur": {
          "f1": 0.9090909090909091,
          "pr_auc": 0.9430122655122654,
          "recall": 1.0,
          "valid_positive_count": 10
        },
        "flash": {
          "f1": 0.8484848484848485,
          "pr_auc": 0.9973684210526315,
          "recall": 0.7368421052631579,
          "valid_positive_count": 19
        },
        "tunnel": {
          "f1": 0.5714285714285714,
          "pr_auc": 0.75,
          "recall": 1.0,
          "valid_positive_count": 2
        }
      },
      "threshold": 0.5,
      "valid_code_count": 3
    },
    {
      "best_epoch": 20,
      "early_stopping_monitor": null,
      "epochs_ran": 20,
      "fold": 2,
      "macro_f1": 0.7279800809212574,
      "macro_pr_auc": 0.8461500033588957,
      "macro_recall": 0.8838383838383838,
      "per_code": {
        "blur": {
          "f1": 0.8571428571428571,
          "pr_auc": 0.916015417331207,
          "recall": 0.8181818181818182,
          "valid_positive_count": 11
        },
        "flash": {
          "f1": 0.8823529411764706,
          "pr_auc": 0.9795774498883376,
          "recall": 0.8333333333333334,
          "valid_positive_count": 18
        },
        "tunnel": {
          "f1": 0.4444444444444444,
          "pr_auc": 0.6428571428571428,
          "recall": 1.0,
          "valid_positive_count": 2
        }
      },
      "threshold": 0.5,
      "valid_code_count": 3
    },
    {
      "best_epoch": 20,
      "early_stopping_monitor": null,
      "epochs_ran": 20,
      "fold": 3,
      "macro_f1": 0.6584795321637427,
      "macro_pr_auc": 0.738936925647452,
      "macro_recall": 0.6555555555555556,
      "per_code": {
        "blur": {
          "f1": 0.8421052631578947,
          "pr_auc": 0.8030680868838762,
          "recall": 0.8,
          "valid_positive_count": 10
        },
        "flash": {
          "f1": 0.8,
          "pr_auc": 0.997076023391813,
          "recall": 0.6666666666666666,
          "valid_positive_count": 18
        },
        "tunnel": {
          "f1": 0.3333333333333333,
          "pr_auc": 0.41666666666666663,
          "recall": 0.5,
          "valid_positive_count": 2
        }
      },
      "threshold": 0.5,
      "valid_code_count": 3
    },
    {
      "best_epoch": 20,
      "early_stopping_monitor": null,
      "epochs_ran": 20,
      "fold": 4,
      "macro_f1": 0.8145862552594672,
      "macro_pr_auc": 0.8904825256644328,
      "macro_recall": 0.84688995215311,
      "per_code": {
        "blur": {
          "f1": 0.8695652173913043,
          "pr_auc": 0.8528253312344221,
          "recall": 0.9090909090909091,
          "valid_positive_count": 11
        },
        "flash": {
          "f1": 0.7741935483870968,
          "pr_auc": 0.9852889124255426,
          "recall": 0.631578947368421,
          "valid_positive_count": 19
        },
        "tunnel": {
          "f1": 0.8,
          "pr_auc": 0.8333333333333333,
          "recall": 1.0,
          "valid_positive_count": 2
        }
      },
      "threshold": 0.5,
      "valid_code_count": 3
    }
  ],
  "fold_scheme": "weld_independent",
  "mode": "window_mil",
  "run_folds": [
    0,
    1,
    2,
    3,
    4
  ],
  "sample_count": 101
}
runs=1 ok=True
OK /home/user/PROJECT/MMDII/MMDII-Core/outputs/time-frequency-v0-2-1/seed-17-e1a-mean samples=101
{
  "aggregator": "max",
  "completed_fold_count": 5,
  "fold_count": 5,
  "fold_metrics": [
    {
      "best_epoch": 20,
      "early_stopping_monitor": null,
      "epochs_ran": 20,
      "fold": 0,
      "macro_f1": 0.6506493506493506,
      "macro_pr_auc": 0.8958466842610133,
      "macro_recall": 0.8030303030303031,
      "per_code": {
        "blur": {
          "f1": 0.9090909090909091,
          "pr_auc": 0.9536042240587697,
          "recall": 0.9090909090909091,
          "valid_positive_count": 11
        },
        "flash": {
          "f1": 0.6428571428571429,
          "pr_auc": 0.9006024953909371,
          "recall": 0.5,
          "valid_positive_count": 18
        },
        "tunnel": {
          "f1": 0.4,
          "pr_auc": 0.8333333333333333,
          "recall": 1.0,
          "valid_positive_count": 2
        }
      },
      "threshold": 0.5,
      "valid_code_count": 3
    },
    {
      "best_epoch": 20,
      "early_stopping_monitor": null,
      "epochs_ran": 20,
      "fold": 1,
      "macro_f1": 0.5197401299350325,
      "macro_pr_auc": 0.6543120834892058,
      "macro_recall": 0.5087719298245613,
      "per_code": {
        "blur": {
          "f1": 0.8695652173913043,
          "pr_auc": 0.791024531024531,
          "recall": 1.0,
          "valid_positive_count": 10
        },
        "flash": {
          "f1": 0.6896551724137931,
          "pr_auc": 0.988578386109753,
          "recall": 0.5263157894736842,
          "valid_positive_count": 19
        },
        "tunnel": {
          "f1": 0.0,
          "pr_auc": 0.18333333333333335,
          "recall": 0.0,
          "valid_positive_count": 2
        }
      },
      "threshold": 0.5,
      "valid_code_count": 3
    },
    {
      "best_epoch": 20,
      "early_stopping_monitor": null,
      "epochs_ran": 20,
      "fold": 2,
      "macro_f1": 0.6972222222222223,
      "macro_pr_auc": 0.8474801848093589,
      "macro_recall": 0.5404040404040403,
      "per_code": {
        "blur": {
          "f1": 0.625,
          "pr_auc": 0.9362339977313241,
          "recall": 0.45454545454545453,
          "valid_positive_count": 11
        },
        "flash": {
          "f1": 0.8,
          "pr_auc": 0.96334941383961,
          "recall": 0.6666666666666666,
          "valid_positive_count": 18
        },
        "tunnel": {
          "f1": 0.6666666666666666,
          "pr_auc": 0.6428571428571428,
          "recall": 0.5,
          "valid_positive_count": 2
        }
      },
      "threshold": 0.5,
      "valid_code_count": 3
    },
    {
      "best_epoch": 20,
      "early_stopping_monitor": null,
      "epochs_ran": 20,
      "fold": 3,
      "macro_f1": 0.6634920634920635,
      "macro_pr_auc": 0.7045922060713944,
      "macro_recall": 0.8555555555555555,
      "per_code": {
        "blur": {
          "f1": 0.8571428571428571,
          "pr_auc": 0.9344497607655503,
          "recall": 0.9,
          "valid_positive_count": 10
        },
        "flash": {
          "f1": 0.8,
          "pr_auc": 0.9682157463375214,
          "recall": 0.6666666666666666,
          "valid_positive_count": 18
        },
        "tunnel": {
          "f1": 0.3333333333333333,
          "pr_auc": 0.2111111111111111,
          "recall": 1.0,
          "valid_positive_count": 2
        }
      },
      "threshold": 0.5,
      "valid_code_count": 3
    },
    {
      "best_epoch": 20,
      "early_stopping_monitor": null,
      "epochs_ran": 20,
      "fold": 4,
      "macro_f1": 0.7536796536796538,
      "macro_pr_auc": 0.7981066997359751,
      "macro_recall": 0.7639553429027114,
      "per_code": {
        "blur": {
          "f1": 0.8181818181818182,
          "pr_auc": 0.8329660238751149,
          "recall": 0.8181818181818182,
          "valid_positive_count": 11
        },
        "flash": {
          "f1": 0.6428571428571429,
          "pr_auc": 0.9780207419994773,
          "recall": 0.47368421052631576,
          "valid_positive_count": 19
        },
        "tunnel": {
          "f1": 0.8,
          "pr_auc": 0.5833333333333333,
          "recall": 1.0,
          "valid_positive_count": 2
        }
      },
      "threshold": 0.5,
      "valid_code_count": 3
    }
  ],
  "fold_scheme": "weld_independent",
  "mode": "window_mil",
  "run_folds": [
    0,
    1,
    2,
    3,
    4
  ],
  "sample_count": 101
}
runs=1 ok=True
OK /home/user/PROJECT/MMDII/MMDII-Core/outputs/time-frequency-v0-2-1/seed-17-e1b-max samples=101
{
  "aggregator": "topk_mean",
  "completed_fold_count": 5,
  "fold_count": 5,
  "fold_metrics": [
    {
      "best_epoch": 20,
      "early_stopping_monitor": null,
      "epochs_ran": 20,
      "fold": 0,
      "macro_f1": 0.7236024844720497,
      "macro_pr_auc": 0.7663934214744171,
      "macro_recall": 0.8333333333333334,
      "per_code": {
        "blur": {
          "f1": 0.9565217391304348,
          "pr_auc": 0.9536042240587697,
          "recall": 1.0,
          "valid_positive_count": 11
        },
        "flash": {
          "f1": 0.6428571428571429,
          "pr_auc": 0.9289093736978155,
          "recall": 0.5,
          "valid_positive_count": 18
        },
        "tunnel": {
          "f1": 0.5714285714285714,
          "pr_auc": 0.41666666666666663,
          "recall": 1.0,
          "valid_positive_count": 2
        }
      },
      "threshold": 0.5,
      "valid_code_count": 3
    },
    {
      "best_epoch": 20,
      "early_stopping_monitor": null,
      "epochs_ran": 20,
      "fold": 1,
      "macro_f1": 0.5645803471890428,
      "macro_pr_auc": 0.7284597925053359,
      "macro_recall": 0.6228070175438597,
      "per_code": {
        "blur": {
          "f1": 0.8695652173913043,
          "pr_auc": 0.8072333222333222,
          "recall": 1.0,
          "valid_positive_count": 10
        },
        "flash": {
          "f1": 0.5384615384615384,
          "pr_auc": 0.9852889124255426,
          "recall": 0.3684210526315789,
          "valid_positive_count": 19
        },
        "tunnel": {
          "f1": 0.2857142857142857,
          "pr_auc": 0.39285714285714285,
          "recall": 0.5,
          "valid_positive_count": 2
        }
      },
      "threshold": 0.5,
      "valid_code_count": 3
    },
    {
      "best_epoch": 20,
      "early_stopping_monitor": null,
      "epochs_ran": 20,
      "fold": 2,
      "macro_f1": 0.6900584795321637,
      "macro_pr_auc": 0.8271804728144442,
      "macro_recall": 0.5454545454545454,
      "per_code": {
        "blur": {
          "f1": 0.7368421052631579,
          "pr_auc": 0.9406172110717566,
          "recall": 0.6363636363636364,
          "valid_positive_count": 11
        },
        "flash": {
          "f1": 0.6666666666666666,
          "pr_auc": 0.9298130962604647,
          "recall": 0.5,
          "valid_positive_count": 18
        },
        "tunnel": {
          "f1": 0.6666666666666666,
          "pr_auc": 0.6111111111111112,
          "recall": 0.5,
          "valid_positive_count": 2
        }
      },
      "threshold": 0.5,
      "valid_code_count": 3
    },
    {
      "best_epoch": 20,
      "early_stopping_monitor": null,
      "epochs_ran": 20,
      "fold": 3,
      "macro_f1": 0.6041666666666667,
      "macro_pr_auc": 0.6925881947970871,
      "macro_recall": 0.7074074074074074,
      "per_code": {
        "blur": {
          "f1": 0.8181818181818182,
          "pr_auc": 0.9426315789473684,
          "recall": 0.9,
          "valid_positive_count": 10
        },
        "flash": {
          "f1": 0.8125,
          "pr_auc": 0.9795774498883376,
          "recall": 0.7222222222222222,
          "valid_positive_count": 18
        },
        "tunnel": {
          "f1": 0.18181818181818182,
          "pr_auc": 0.15555555555555556,
          "recall": 0.5,
          "valid_positive_count": 2
        }
      },
      "threshold": 0.5,
      "valid_code_count": 3
    },
    {
      "best_epoch": 20,
      "early_stopping_monitor": null,
      "epochs_ran": 20,
      "fold": 4,
      "macro_f1": 0.6924803591470258,
      "macro_pr_auc": 0.894681469994956,
      "macro_recall": 0.7464114832535885,
      "per_code": {
        "blur": {
          "f1": 0.8181818181818182,
          "pr_auc": 0.8689309361558166,
          "recall": 0.8181818181818182,
          "valid_positive_count": 11
        },
        "flash": {
          "f1": 0.5925925925925926,
          "pr_auc": 0.981780140495718,
          "recall": 0.42105263157894735,
          "valid_positive_count": 19
        },
        "tunnel": {
          "f1": 0.6666666666666666,
          "pr_auc": 0.8333333333333333,
          "recall": 1.0,
          "valid_positive_count": 2
        }
      },
      "threshold": 0.5,
      "valid_code_count": 3
    }
  ],
  "fold_scheme": "weld_independent",
  "mode": "window_mil",
  "run_folds": [
    0,
    1,
    2,
    3,
    4
  ],
  "sample_count": 101
}
runs=1 ok=True
OK /home/user/PROJECT/MMDII/MMDII-Core/outputs/time-frequency-v0-2-1/seed-17-e1b-topk-mean samples=101
{
  "aggregator": "gated_attention",
  "completed_fold_count": 5,
  "fold_count": 5,
  "fold_metrics": [
    {
      "best_epoch": 20,
      "early_stopping_monitor": null,
      "epochs_ran": 20,
      "fold": 0,
      "macro_f1": 0.8490620490620491,
      "macro_pr_auc": 0.9615188683370501,
      "macro_recall": 0.9511784511784511,
      "per_code": {
        "blur": {
          "f1": 0.9090909090909091,
          "pr_auc": 0.8845566050111504,
          "recall": 0.9090909090909091,
          "valid_positive_count": 11
        },
        "flash": {
          "f1": 0.9714285714285714,
          "pr_auc": 1.0,
          "recall": 0.9444444444444444,
          "valid_positive_count": 18
        },
        "tunnel": {
          "f1": 0.6666666666666666,
          "pr_auc": 1.0,
          "recall": 1.0,
          "valid_positive_count": 2
        }
      },
      "threshold": 0.5,
      "valid_code_count": 3
    },
    {
      "best_epoch": 20,
      "early_stopping_monitor": null,
      "epochs_ran": 20,
      "fold": 1,
      "macro_f1": 0.6837944664031621,
      "macro_pr_auc": 0.7882012180904147,
      "macro_recall": 0.7456140350877193,
      "per_code": {
        "blur": {
          "f1": 0.8695652173913043,
          "pr_auc": 0.9229292929292928,
          "recall": 1.0,
          "valid_positive_count": 10
        },
        "flash": {
          "f1": 0.8484848484848485,
          "pr_auc": 0.9916743613419512,
          "recall": 0.7368421052631579,
          "valid_positive_count": 19
        },
        "tunnel": {
          "f1": 0.3333333333333333,
          "pr_auc": 0.45,
          "recall": 0.5,
          "valid_positive_count": 2
        }
      },
      "threshold": 0.5,
      "valid_code_count": 3
    },
    {
      "best_epoch": 20,
      "early_stopping_monitor": null,
      "epochs_ran": 20,
      "fold": 2,
      "macro_f1": 0.7108225108225108,
      "macro_pr_auc": 0.8299066787822379,
      "macro_recall": 0.7356902356902357,
      "per_code": {
        "blur": {
          "f1": 0.8181818181818182,
          "pr_auc": 0.9185406698564595,
          "recall": 0.8181818181818182,
          "valid_positive_count": 11
        },
        "flash": {
          "f1": 0.9142857142857143,
          "pr_auc": 0.960068255379143,
          "recall": 0.8888888888888888,
          "valid_positive_count": 18
        },
        "tunnel": {
          "f1": 0.4,
          "pr_auc": 0.6111111111111112,
          "recall": 0.5,
          "valid_positive_count": 2
        }
      },
      "threshold": 0.5,
      "valid_code_count": 3
    },
    {
      "best_epoch": 20,
      "early_stopping_monitor": null,
      "epochs_ran": 20,
      "fold": 3,
      "macro_f1": 0.7390350877192983,
      "macro_pr_auc": 0.725229044834308,
      "macro_recall": 0.8592592592592593,
      "per_code": {
        "blur": {
          "f1": 0.8421052631578947,
          "pr_auc": 0.8423538011695906,
          "recall": 0.8,
          "valid_positive_count": 10
        },
        "flash": {
          "f1": 0.875,
          "pr_auc": 1.0,
          "recall": 0.7777777777777778,
          "valid_positive_count": 18
        },
        "tunnel": {
          "f1": 0.5,
          "pr_auc": 0.3333333333333333,
          "recall": 1.0,
          "valid_positive_count": 2
        }
      },
      "threshold": 0.5,
      "valid_code_count": 3
    },
    {
      "best_epoch": 20,
      "early_stopping_monitor": null,
      "epochs_ran": 20,
      "fold": 4,
      "macro_f1": 0.7949055775142732,
      "macro_pr_auc": 0.9164276800640435,
      "macro_recall": 0.8819776714513555,
      "per_code": {
        "blur": {
          "f1": 0.8695652173913043,
          "pr_auc": 0.9159497068587978,
          "recall": 0.9090909090909091,
          "valid_positive_count": 11
        },
        "flash": {
          "f1": 0.8484848484848485,
          "pr_auc": 0.9999999999999998,
          "recall": 0.7368421052631579,
          "valid_positive_count": 19
        },
        "tunnel": {
          "f1": 0.6666666666666666,
          "pr_auc": 0.8333333333333333,
          "recall": 1.0,
          "valid_positive_count": 2
        }
      },
      "threshold": 0.5,
      "valid_code_count": 3
    }
  ],
  "fold_scheme": "weld_independent",
  "mode": "window_mil",
  "run_folds": [
    0,
    1,
    2,
    3,
    4
  ],
  "sample_count": 101
}
runs=1 ok=True
OK /home/user/PROJECT/MMDII/MMDII-Core/outputs/time-frequency-v0-2-1/seed-17-e1c-gated-attention samples=101
{
  "aggregator": "mean",
  "completed_fold_count": 5,
  "fold_count": 5,
  "fold_metrics": [
    {
      "best_epoch": 20,
      "early_stopping_monitor": null,
      "epochs_ran": 20,
      "fold": 0,
      "macro_f1": 0.38306451612903225,
      "macro_pr_auc": 0.600301152351845,
      "macro_recall": 0.3131313131313131,
      "per_code": {
        "blur": {
          "f1": 0.375,
          "pr_auc": 0.7715130828767194,
          "recall": 0.2727272727272727,
          "valid_positive_count": 11
        },
        "flash": {
          "f1": 0.7741935483870968,
          "pr_auc": 0.9006024953909371,
          "recall": 0.6666666666666666,
          "valid_positive_count": 18
        },
        "tunnel": {
          "f1": 0.0,
          "pr_auc": 0.12878787878787878,
          "recall": 0.0,
          "valid_positive_count": 2
        }
      },
      "threshold": 0.5,
      "valid_code_count": 3
    },
    {
      "best_epoch": 20,
      "early_stopping_monitor": null,
      "epochs_ran": 20,
      "fold": 1,
      "macro_f1": 0.5185185185185185,
      "macro_pr_auc": 0.6564911738919804,
      "macro_recall": 0.5140350877192982,
      "per_code": {
        "blur": {
          "f1": 0.6666666666666666,
          "pr_auc": 0.7841846092503987,
          "recall": 0.7,
          "valid_positive_count": 10
        },
        "flash": {
          "f1": 0.8888888888888888,
          "pr_auc": 0.9852889124255426,
          "recall": 0.8421052631578947,
          "valid_positive_count": 19
        },
        "tunnel": {
          "f1": 0.0,
          "pr_auc": 0.2,
          "recall": 0.0,
          "valid_positive_count": 2
        }
      },
      "threshold": 0.5,
      "valid_code_count": 3
    },
    {
      "best_epoch": 20,
      "early_stopping_monitor": null,
      "epochs_ran": 20,
      "fold": 2,
      "macro_f1": 0.49145299145299143,
      "macro_pr_auc": 0.6600155731240183,
      "macro_recall": 0.6212121212121212,
      "per_code": {
        "blur": {
          "f1": 0.5,
          "pr_auc": 0.7451836089606987,
          "recall": 0.36363636363636365,
          "valid_positive_count": 11
        },
        "flash": {
          "f1": 0.6666666666666666,
          "pr_auc": 0.9670059675542133,
          "recall": 0.5,
          "valid_positive_count": 18
        },
        "tunnel": {
          "f1": 0.3076923076923077,
          "pr_auc": 0.26785714285714285,
          "recall": 1.0,
          "valid_positive_count": 2
        }
      },
      "threshold": 0.5,
      "valid_code_count": 3
    },
    {
      "best_epoch": 20,
      "early_stopping_monitor": null,
      "epochs_ran": 20,
      "fold": 3,
      "macro_f1": 0.4266666666666667,
      "macro_pr_auc": 0.6440460405957482,
      "macro_recall": 0.42962962962962964,
      "per_code": {
        "blur": {
          "f1": 0.72,
          "pr_auc": 0.7417199467199467,
          "recall": 0.9,
          "valid_positive_count": 10
        },
        "flash": {
          "f1": 0.56,
          "pr_auc": 0.9939896036387266,
          "recall": 0.3888888888888889,
          "valid_positive_count": 18
        },
        "tunnel": {
          "f1": 0.0,
          "pr_auc": 0.19642857142857142,
          "recall": 0.0,
          "valid_positive_count": 2
        }
      },
      "threshold": 0.5,
      "valid_code_count": 3
    },
    {
      "best_epoch": 20,
      "early_stopping_monitor": null,
      "epochs_ran": 20,
      "fold": 4,
      "macro_f1": 0.41830065359477125,
      "macro_pr_auc": 0.6525354780283897,
      "macro_recall": 0.32695374800637955,
      "per_code": {
        "blur": {
          "f1": 0.5882352941176471,
          "pr_auc": 0.8733766233766234,
          "recall": 0.45454545454545453,
          "valid_positive_count": 11
        },
        "flash": {
          "f1": 0.6666666666666666,
          "pr_auc": 0.9308207197994551,
          "recall": 0.5263157894736842,
          "valid_positive_count": 19
        },
        "tunnel": {
          "f1": 0.0,
          "pr_auc": 0.1534090909090909,
          "recall": 0.0,
          "valid_positive_count": 2
        }
      },
      "threshold": 0.5,
      "valid_code_count": 3
    }
  ],
  "fold_scheme": "weld_independent",
  "mode": "window_mil",
  "run_folds": [
    0,
    1,
    2,
    3,
    4
  ],
  "sample_count": 101
}
runs=1 ok=True
OK /home/user/PROJECT/MMDII/MMDII-Core/outputs/time-frequency-v0-2-1/seed-17-stft_256-cnn2d-mean samples=101
{
  "aggregator": "max",
  "completed_fold_count": 5,
  "fold_count": 5,
  "fold_metrics": [
    {
      "best_epoch": 20,
      "early_stopping_monitor": null,
      "epochs_ran": 20,
      "fold": 0,
      "macro_f1": 0.354775828460039,
      "macro_pr_auc": 0.6334333400294873,
      "macro_recall": 0.39730639730639733,
      "per_code": {
        "blur": {
          "f1": 0.7368421052631579,
          "pr_auc": 0.7774753024753024,
          "recall": 0.6363636363636364,
          "valid_positive_count": 11
        },
        "flash": {
          "f1": 0.10526315789473684,
          "pr_auc": 0.8867136065020481,
          "recall": 0.05555555555555555,
          "valid_positive_count": 18
        },
        "tunnel": {
          "f1": 0.2222222222222222,
          "pr_auc": 0.2361111111111111,
          "recall": 0.5,
          "valid_positive_count": 2
        }
      },
      "threshold": 0.5,
      "valid_code_count": 3
    },
    {
      "best_epoch": 20,
      "early_stopping_monitor": null,
      "epochs_ran": 20,
      "fold": 1,
      "macro_f1": 0.42988505747126443,
      "macro_pr_auc": 0.6176785172503764,
      "macro_recall": 0.37543859649122807,
      "per_code": {
        "blur": {
          "f1": 0.6,
          "pr_auc": 0.7254220779220778,
          "recall": 0.6,
          "valid_positive_count": 10
        },
        "flash": {
          "f1": 0.6896551724137931,
          "pr_auc": 0.981780140495718,
          "recall": 0.5263157894736842,
          "valid_positive_count": 19
        },
        "tunnel": {
          "f1": 0.0,
          "pr_auc": 0.14583333333333331,
          "recall": 0.0,
          "valid_positive_count": 2
        }
      },
      "threshold": 0.5,
      "valid_code_count": 3
    },
    {
      "best_epoch": 20,
      "early_stopping_monitor": null,
      "epochs_ran": 20,
      "fold": 2,
      "macro_f1": 0.3538011695906433,
      "macro_pr_auc": 0.7594225112990554,
      "macro_recall": 0.3451178451178451,
      "per_code": {
        "blur": {
          "f1": 0.16666666666666666,
          "pr_auc": 0.8022073885710249,
          "recall": 0.09090909090909091,
          "valid_positive_count": 11
        },
        "flash": {
          "f1": 0.8947368421052632,
          "pr_auc": 0.8510601453261413,
          "recall": 0.9444444444444444,
          "valid_positive_count": 18
        },
        "tunnel": {
          "f1": 0.0,
          "pr_auc": 0.625,
          "recall": 0.0,
          "valid_positive_count": 2
        }
      },
      "threshold": 0.5,
      "valid_code_count": 3
    },
    {
      "best_epoch": 20,
      "early_stopping_monitor": null,
      "epochs_ran": 20,
      "fold": 3,
      "macro_f1": 0.20634920634920637,
      "macro_pr_auc": 0.6443092791218007,
      "macro_recall": 0.12222222222222223,
      "per_code": {
        "blur": {
          "f1": 0.3333333333333333,
          "pr_auc": 0.8485731373889268,
          "recall": 0.2,
          "valid_positive_count": 10
        },
        "flash": {
          "f1": 0.2857142857142857,
          "pr_auc": 0.9510213666431419,
          "recall": 0.16666666666666666,
          "valid_positive_count": 18
        },
        "tunnel": {
          "f1": 0.0,
          "pr_auc": 0.13333333333333333,
          "recall": 0.0,
          "valid_positive_count": 2
        }
      },
      "threshold": 0.5,
      "valid_code_count": 3
    },
    {
      "best_epoch": 20,
      "early_stopping_monitor": null,
      "epochs_ran": 20,
      "fold": 4,
      "macro_f1": 0.3131313131313131,
      "macro_pr_auc": 0.6410930361679913,
      "macro_recall": 0.29505582137161085,
      "per_code": {
        "blur": {
          "f1": 0.6666666666666666,
          "pr_auc": 0.7092105263157895,
          "recall": 0.7272727272727273,
          "valid_positive_count": 11
        },
        "flash": {
          "f1": 0.2727272727272727,
          "pr_auc": 0.988578386109753,
          "recall": 0.15789473684210525,
          "valid_positive_count": 19
        },
        "tunnel": {
          "f1": 0.0,
          "pr_auc": 0.22549019607843135,
          "recall": 0.0,
          "valid_positive_count": 2
        }
      },
      "threshold": 0.5,
      "valid_code_count": 3
    }
  ],
  "fold_scheme": "weld_independent",
  "mode": "window_mil",
  "run_folds": [
    0,
    1,
    2,
    3,
    4
  ],
  "sample_count": 101
}
runs=1 ok=True
OK /home/user/PROJECT/MMDII/MMDII-Core/outputs/time-frequency-v0-2-1/seed-17-stft_256-cnn2d-max samples=101
{
  "aggregator": "topk_mean",
  "completed_fold_count": 5,
  "fold_count": 5,
  "fold_metrics": [
    {
      "best_epoch": 20,
      "early_stopping_monitor": null,
      "epochs_ran": 20,
      "fold": 0,
      "macro_f1": 0.49116161616161613,
      "macro_pr_auc": 0.6738299523957966,
      "macro_recall": 0.5033670033670034,
      "per_code": {
        "blur": {
          "f1": 0.625,
          "pr_auc": 0.9029626938717847,
          "recall": 0.45454545454545453,
          "valid_positive_count": 11
        },
        "flash": {
          "f1": 0.6666666666666666,
          "pr_auc": 0.8518604966489383,
          "recall": 0.5555555555555556,
          "valid_positive_count": 18
        },
        "tunnel": {
          "f1": 0.18181818181818182,
          "pr_auc": 0.26666666666666666,
          "recall": 0.5,
          "valid_positive_count": 2
        }
      },
      "threshold": 0.5,
      "valid_code_count": 3
    },
    {
      "best_epoch": 20,
      "early_stopping_monitor": null,
      "epochs_ran": 20,
      "fold": 1,
      "macro_f1": 0.4702581369248036,
      "macro_pr_auc": 0.795842925941101,
      "macro_recall": 0.44035087719298244,
      "per_code": {
        "blur": {
          "f1": 0.8181818181818182,
          "pr_auc": 0.8227272727272726,
          "recall": 0.9,
          "valid_positive_count": 10
        },
        "flash": {
          "f1": 0.5925925925925926,
          "pr_auc": 0.9648015050960299,
          "recall": 0.42105263157894735,
          "valid_positive_count": 19
        },
        "tunnel": {
          "f1": 0.0,
          "pr_auc": 0.6,
          "recall": 0.0,
          "valid_positive_count": 2
        }
      },
      "threshold": 0.5,
      "valid_code_count": 3
    },
    {
      "best_epoch": 20,
      "early_stopping_monitor": null,
      "epochs_ran": 20,
      "fold": 2,
      "macro_f1": 0.40018315018315026,
      "macro_pr_auc": 0.6680329039817892,
      "macro_recall": 0.393939393939394,
      "per_code": {
        "blur": {
          "f1": 0.3076923076923077,
          "pr_auc": 0.8154335563426474,
          "recall": 0.18181818181818182,
          "valid_positive_count": 11
        },
        "flash": {
          "f1": 0.6428571428571429,
          "pr_auc": 0.9208080127455773,
          "recall": 0.5,
          "valid_positive_count": 18
        },
        "tunnel": {
          "f1": 0.25,
          "pr_auc": 0.26785714285714285,
          "recall": 0.5,
          "valid_positive_count": 2
        }
      },
      "threshold": 0.5,
      "valid_code_count": 3
    },
    {
      "best_epoch": 20,
      "early_stopping_monitor": null,
      "epochs_ran": 20,
      "fold": 3,
      "macro_f1": 0.17777777777777778,
      "macro_pr_auc": 0.6597220187665664,
      "macro_recall": 0.1037037037037037,
      "per_code": {
        "blur": {
          "f1": 0.3333333333333333,
          "pr_auc": 0.7837870411322423,
          "recall": 0.2,
          "valid_positive_count": 10
        },
        "flash": {
          "f1": 0.2,
          "pr_auc": 0.895379015167457,
          "recall": 0.1111111111111111,
          "valid_positive_count": 18
        },
        "tunnel": {
          "f1": 0.0,
          "pr_auc": 0.3,
          "recall": 0.0,
          "valid_positive_count": 2
        }
      },
      "threshold": 0.5,
      "valid_code_count": 3
    },
    {
      "best_epoch": 20,
      "early_stopping_monitor": null,
      "epochs_ran": 20,
      "fold": 4,
      "macro_f1": 0.5585185185185185,
      "macro_pr_auc": 0.6151774971719569,
      "macro_recall": 0.6323763955342904,
      "per_code": {
        "blur": {
          "f1": 0.72,
          "pr_auc": 0.7157628920786814,
          "recall": 0.8181818181818182,
          "valid_positive_count": 11
        },
        "flash": {
          "f1": 0.7333333333333333,
          "pr_auc": 0.9916743613419512,
          "recall": 0.5789473684210527,
          "valid_positive_count": 19
        },
        "tunnel": {
          "f1": 0.2222222222222222,
          "pr_auc": 0.1380952380952381,
          "recall": 0.5,
          "valid_positive_count": 2
        }
      },
      "threshold": 0.5,
      "valid_code_count": 3
    }
  ],
  "fold_scheme": "weld_independent",
  "mode": "window_mil",
  "run_folds": [
    0,
    1,
    2,
    3,
    4
  ],
  "sample_count": 101
}
runs=1 ok=True
OK /home/user/PROJECT/MMDII/MMDII-Core/outputs/time-frequency-v0-2-1/seed-17-stft_256-cnn2d-topk_mean samples=101
{
  "aggregator": "gated_attention",
  "completed_fold_count": 5,
  "fold_count": 5,
  "fold_metrics": [
    {
      "best_epoch": 20,
      "early_stopping_monitor": null,
      "epochs_ran": 20,
      "fold": 0,
      "macro_f1": 0.4920634920634921,
      "macro_pr_auc": 0.6559539497975718,
      "macro_recall": 0.4696969696969697,
      "per_code": {
        "blur": {
          "f1": 0.8333333333333334,
          "pr_auc": 0.9046276955367865,
          "recall": 0.9090909090909091,
          "valid_positive_count": 11
        },
        "flash": {
          "f1": 0.6428571428571429,
          "pr_auc": 0.9344462750680502,
          "recall": 0.5,
          "valid_positive_count": 18
        },
        "tunnel": {
          "f1": 0.0,
          "pr_auc": 0.12878787878787878,
          "recall": 0.0,
          "valid_positive_count": 2
        }
      },
      "threshold": 0.5,
      "valid_code_count": 3
    },
    {
      "best_epoch": 20,
      "early_stopping_monitor": null,
      "epochs_ran": 20,
      "fold": 1,
      "macro_f1": 0.4992063492063492,
      "macro_pr_auc": 0.5757510739220043,
      "macro_recall": 0.5140350877192982,
      "per_code": {
        "blur": {
          "f1": 0.5833333333333334,
          "pr_auc": 0.6444857430151547,
          "recall": 0.7,
          "valid_positive_count": 10
        },
        "flash": {
          "f1": 0.9142857142857143,
          "pr_auc": 0.9916743613419512,
          "recall": 0.8421052631578947,
          "valid_positive_count": 19
        },
        "tunnel": {
          "f1": 0.0,
          "pr_auc": 0.09109311740890688,
          "recall": 0.0,
          "valid_positive_count": 2
        }
      },
      "threshold": 0.5,
      "valid_code_count": 3
    },
    {
      "best_epoch": 20,
      "early_stopping_monitor": null,
      "epochs_ran": 20,
      "fold": 2,
      "macro_f1": 0.41830065359477125,
      "macro_pr_auc": 0.6058363837044608,
      "macro_recall": 0.3367003367003367,
      "per_code": {
        "blur": {
          "f1": 0.5882352941176471,
          "pr_auc": 0.8343795093795094,
          "recall": 0.45454545454545453,
          "valid_positive_count": 11
        },
        "flash": {
          "f1": 0.6666666666666666,
          "pr_auc": 0.8775740861783174,
          "recall": 0.5555555555555556,
          "valid_positive_count": 18
        },
        "tunnel": {
          "f1": 0.0,
          "pr_auc": 0.10555555555555556,
          "recall": 0.0,
          "valid_positive_count": 2
        }
      },
      "threshold": 0.5,
      "valid_code_count": 3
    },
    {
      "best_epoch": 20,
      "early_stopping_monitor": null,
      "epochs_ran": 20,
      "fold": 3,
      "macro_f1": 0.5656565656565656,
      "macro_pr_auc": 0.6385462518090658,
      "macro_recall": 0.7185185185185184,
      "per_code": {
        "blur": {
          "f1": 0.6666666666666666,
          "pr_auc": 0.8018253968253968,
          "recall": 0.6,
          "valid_positive_count": 10
        },
        "flash": {
          "f1": 0.6666666666666666,
          "pr_auc": 0.8888133586018003,
          "recall": 0.5555555555555556,
          "valid_positive_count": 18
        },
        "tunnel": {
          "f1": 0.36363636363636365,
          "pr_auc": 0.225,
          "recall": 1.0,
          "valid_positive_count": 2
        }
      },
      "threshold": 0.5,
      "valid_code_count": 3
    },
    {
      "best_epoch": 20,
      "early_stopping_monitor": null,
      "epochs_ran": 20,
      "fold": 4,
      "macro_f1": 0.6203703703703703,
      "macro_pr_auc": 0.6601444592265914,
      "macro_recall": 0.7559808612440192,
      "per_code": {
        "blur": {
          "f1": 0.6666666666666666,
          "pr_auc": 0.6906318725837443,
          "recall": 0.6363636363636364,
          "valid_positive_count": 11
        },
        "flash": {
          "f1": 0.75,
          "pr_auc": 0.9648015050960299,
          "recall": 0.631578947368421,
          "valid_positive_count": 19
        },
        "tunnel": {
          "f1": 0.4444444444444444,
          "pr_auc": 0.325,
          "recall": 1.0,
          "valid_positive_count": 2
        }
      },
      "threshold": 0.5,
      "valid_code_count": 3
    }
  ],
  "fold_scheme": "weld_independent",
  "mode": "window_mil",
  "run_folds": [
    0,
    1,
    2,
    3,
    4
  ],
  "sample_count": 101
}
runs=1 ok=True
OK /home/user/PROJECT/MMDII/MMDII-Core/outputs/time-frequency-v0-2-1/seed-17-stft_256-cnn2d-gated_attention samples=101
{
  "aggregator": "mean",
  "completed_fold_count": 5,
  "fold_count": 5,
  "fold_metrics": [
    {
      "best_epoch": 20,
      "early_stopping_monitor": null,
      "epochs_ran": 20,
      "fold": 0,
      "macro_f1": 0.3717948717948718,
      "macro_pr_auc": 0.5850287027957698,
      "macro_recall": 0.26936026936026936,
      "per_code": {
        "blur": {
          "f1": 0.5,
          "pr_auc": 0.7174144037780402,
          "recall": 0.36363636363636365,
          "valid_positive_count": 11
        },
        "flash": {
          "f1": 0.6153846153846154,
          "pr_auc": 0.957262347884123,
          "recall": 0.4444444444444444,
          "valid_positive_count": 18
        },
        "tunnel": {
          "f1": 0.0,
          "pr_auc": 0.0804093567251462,
          "recall": 0.0,
          "valid_positive_count": 2
        }
      },
      "threshold": 0.5,
      "valid_code_count": 3
    },
    {
      "best_epoch": 20,
      "early_stopping_monitor": null,
      "epochs_ran": 20,
      "fold": 1,
      "macro_f1": 0.6076146076146076,
      "macro_pr_auc": 0.5660748553177671,
      "macro_recall": 1.0,
      "per_code": {
        "blur": {
          "f1": 0.6666666666666666,
          "pr_auc": 0.5979816017316018,
          "recall": 1.0,
          "valid_positive_count": 10
        },
        "flash": {
          "f1": 0.9743589743589743,
          "pr_auc": 0.9780207419994773,
          "recall": 1.0,
          "valid_positive_count": 19
        },
        "tunnel": {
          "f1": 0.18181818181818182,
          "pr_auc": 0.12222222222222222,
          "recall": 1.0,
          "valid_positive_count": 2
        }
      },
      "threshold": 0.5,
      "valid_code_count": 3
    },
    {
      "best_epoch": 20,
      "early_stopping_monitor": null,
      "epochs_ran": 20,
      "fold": 2,
      "macro_f1": 0.09523809523809523,
      "macro_pr_auc": 0.5932867960817738,
      "macro_recall": 0.05555555555555555,
      "per_code": {
        "blur": {
          "f1": 0.0,
          "pr_auc": 0.6837548416495786,
          "recall": 0.0,
          "valid_positive_count": 11
        },
        "flash": {
          "f1": 0.2857142857142857,
          "pr_auc": 0.967317667807864,
          "recall": 0.16666666666666666,
          "valid_positive_count": 18
        },
        "tunnel": {
          "f1": 0.0,
          "pr_auc": 0.12878787878787878,
          "recall": 0.0,
          "valid_positive_count": 2
        }
      },
      "threshold": 0.5,
      "valid_code_count": 3
    },
    {
      "best_epoch": 20,
      "early_stopping_monitor": null,
      "epochs_ran": 20,
      "fold": 3,
      "macro_f1": 0.5380116959064327,
      "macro_pr_auc": 0.6751257628330212,
      "macro_recall": 0.6666666666666666,
      "per_code": {
        "blur": {
          "f1": 0.6666666666666666,
          "pr_auc": 0.7882448107448107,
          "recall": 1.0,
          "valid_positive_count": 10
        },
        "flash": {
          "f1": 0.9473684210526315,
          "pr_auc": 0.9454658110875863,
          "recall": 1.0,
          "valid_positive_count": 18
        },
        "tunnel": {
          "f1": 0.0,
          "pr_auc": 0.29166666666666663,
          "recall": 0.0,
          "valid_positive_count": 2
        }
      },
      "threshold": 0.5,
      "valid_code_count": 3
    },
    {
      "best_epoch": 20,
      "early_stopping_monitor": null,
      "epochs_ran": 20,
      "fold": 4,
      "macro_f1": 0.6206865030394443,
      "macro_pr_auc": 0.7068371986050893,
      "macro_recall": 0.8484848484848485,
      "per_code": {
        "blur": {
          "f1": 0.7058823529411765,
          "pr_auc": 0.8830561150079868,
          "recall": 0.5454545454545454,
          "valid_positive_count": 11
        },
        "flash": {
          "f1": 0.9743589743589743,
          "pr_auc": 0.9945983379501384,
          "recall": 1.0,
          "valid_positive_count": 19
        },
        "tunnel": {
          "f1": 0.18181818181818182,
          "pr_auc": 0.24285714285714285,
          "recall": 1.0,
          "valid_positive_count": 2
        }
      },
      "threshold": 0.5,
      "valid_code_count": 3
    }
  ],
  "fold_scheme": "weld_independent",
  "mode": "window_mil",
  "run_folds": [
    0,
    1,
    2,
    3,
    4
  ],
  "sample_count": 101
}
runs=1 ok=True
OK /home/user/PROJECT/MMDII/MMDII-Core/outputs/time-frequency-v0-2-1/seed-17-stft_256-separable_cnn2d-mean samples=101
{
  "aggregator": "max",
  "completed_fold_count": 5,
  "fold_count": 5,
  "fold_metrics": [
    {
      "best_epoch": 20,
      "early_stopping_monitor": null,
      "epochs_ran": 20,
      "fold": 0,
      "macro_f1": 0.50682261208577,
      "macro_pr_auc": 0.6191894312830846,
      "macro_recall": 0.4781144781144781,
      "per_code": {
        "blur": {
          "f1": 0.631578947368421,
          "pr_auc": 0.7640042619918781,
          "recall": 0.5454545454545454,
          "valid_positive_count": 11
        },
        "flash": {
          "f1": 0.8888888888888888,
          "pr_auc": 0.9602306985240423,
          "recall": 0.8888888888888888,
          "valid_positive_count": 18
        },
        "tunnel": {
          "f1": 0.0,
          "pr_auc": 0.13333333333333333,
          "recall": 0.0,
          "valid_positive_count": 2
        }
      },
      "threshold": 0.5,
      "valid_code_count": 3
    },
    {
      "best_epoch": 20,
      "early_stopping_monitor": null,
      "epochs_ran": 20,
      "fold": 1,
      "macro_f1": 0.2940516273849607,
      "macro_pr_auc": 0.6113363263029222,
      "macro_recall": 0.4894736842105263,
      "per_code": {
        "blur": {
          "f1": 0.18181818181818182,
          "pr_auc": 0.6970479082321187,
          "recall": 0.1,
          "valid_positive_count": 10
        },
        "flash": {
          "f1": 0.5185185185185185,
          "pr_auc": 0.9202944040099814,
          "recall": 0.3684210526315789,
          "valid_positive_count": 19
        },
        "tunnel": {
          "f1": 0.18181818181818182,
          "pr_auc": 0.21666666666666667,
          "recall": 1.0,
          "valid_positive_count": 2
        }
      },
      "threshold": 0.5,
      "valid_code_count": 3
    },
    {
      "best_epoch": 20,
      "early_stopping_monitor": null,
      "epochs_ran": 20,
      "fold": 2,
      "macro_f1": 0.13765182186234817,
      "macro_pr_auc": 0.8647353864459127,
      "macro_recall": 0.07912457912457913,
      "per_code": {
        "blur": {
          "f1": 0.3076923076923077,
          "pr_auc": 0.7722763347763348,
          "recall": 0.18181818181818182,
          "valid_positive_count": 11
        },
        "flash": {
          "f1": 0.10526315789473684,
          "pr_auc": 0.9885964912280703,
          "recall": 0.05555555555555555,
          "valid_positive_count": 18
        },
        "tunnel": {
          "f1": 0.0,
          "pr_auc": 0.8333333333333333,
          "recall": 0.0,
          "valid_positive_count": 2
        }
      },
      "threshold": 0.5,
      "valid_code_count": 3
    },
    {
      "best_epoch": 20,
      "early_stopping_monitor": null,
      "epochs_ran": 20,
      "fold": 3,
      "macro_f1": 0.5074561403508772,
      "macro_pr_auc": 0.5420311181288994,
      "macro_recall": 0.7666666666666666,
      "per_code": {
        "blur": {
          "f1": 0.375,
          "pr_auc": 0.5338381501539397,
          "recall": 0.3,
          "valid_positive_count": 10
        },
        "flash": {
          "f1": 0.9473684210526315,
          "pr_auc": 0.9297552042327586,
          "recall": 1.0,
          "valid_positive_count": 18
        },
        "tunnel": {
          "f1": 0.2,
          "pr_auc": 0.1625,
          "recall": 1.0,
          "valid_positive_count": 2
        }
      },
      "threshold": 0.5,
      "valid_code_count": 3
    },
    {
      "best_epoch": 20,
      "early_stopping_monitor": null,
      "epochs_ran": 20,
      "fold": 4,
      "macro_f1": 0.21851851851851853,
      "macro_pr_auc": 0.7154026131865466,
      "macro_recall": 0.16905901116427433,
      "per_code": {
        "blur": {
          "f1": 0.5555555555555556,
          "pr_auc": 0.734942834942835,
          "recall": 0.45454545454545453,
          "valid_positive_count": 11
        },
        "flash": {
          "f1": 0.1,
          "pr_auc": 0.9945983379501384,
          "recall": 0.05263157894736842,
          "valid_positive_count": 19
        },
        "tunnel": {
          "f1": 0.0,
          "pr_auc": 0.41666666666666663,
          "recall": 0.0,
          "valid_positive_count": 2
        }
      },
      "threshold": 0.5,
      "valid_code_count": 3
    }
  ],
  "fold_scheme": "weld_independent",
  "mode": "window_mil",
  "run_folds": [
    0,
    1,
    2,
    3,
    4
  ],
  "sample_count": 101
}
runs=1 ok=True
OK /home/user/PROJECT/MMDII/MMDII-Core/outputs/time-frequency-v0-2-1/seed-17-stft_256-separable_cnn2d-max samples=101
{
  "aggregator": "topk_mean",
  "completed_fold_count": 5,
  "fold_count": 5,
  "fold_metrics": [
    {
      "best_epoch": 20,
      "early_stopping_monitor": null,
      "epochs_ran": 20,
      "fold": 0,
      "macro_f1": 0.531328320802005,
      "macro_pr_auc": 0.6024109230820304,
      "macro_recall": 0.4898989898989899,
      "per_code": {
        "blur": {
          "f1": 0.7368421052631579,
          "pr_auc": 0.892056932966024,
          "recall": 0.6363636363636364,
          "valid_positive_count": 11
        },
        "flash": {
          "f1": 0.8571428571428571,
          "pr_auc": 0.8240827188711605,
          "recall": 0.8333333333333334,
          "valid_positive_count": 18
        },
        "tunnel": {
          "f1": 0.0,
          "pr_auc": 0.09109311740890688,
          "recall": 0.0,
          "valid_positive_count": 2
        }
      },
      "threshold": 0.5,
      "valid_code_count": 3
    },
    {
      "best_epoch": 20,
      "early_stopping_monitor": null,
      "epochs_ran": 20,
      "fold": 1,
      "macro_f1": 0.2857142857142857,
      "macro_pr_auc": 0.6277943955241495,
      "macro_recall": 0.5087719298245613,
      "per_code": {
        "blur": {
          "f1": 0.0,
          "pr_auc": 0.786812865497076,
          "recall": 0.0,
          "valid_positive_count": 10
        },
        "flash": {
          "f1": 0.6666666666666666,
          "pr_auc": 0.9695861940912454,
          "recall": 0.5263157894736842,
          "valid_positive_count": 19
        },
        "tunnel": {
          "f1": 0.19047619047619047,
          "pr_auc": 0.12698412698412698,
          "recall": 1.0,
          "valid_positive_count": 2
        }
      },
      "threshold": 0.5,
      "valid_code_count": 3
    },
    {
      "best_epoch": 20,
      "early_stopping_monitor": null,
      "epochs_ran": 20,
      "fold": 2,
      "macro_f1": 0.16666666666666666,
      "macro_pr_auc": 0.7917619350002392,
      "macro_recall": 0.12121212121212122,
      "per_code": {
        "blur": {
          "f1": 0.5,
          "pr_auc": 0.8070693195693196,
          "recall": 0.36363636363636365,
          "valid_positive_count": 11
        },
        "flash": {
          "f1": 0.0,
          "pr_auc": 0.9432164854313978,
          "recall": 0.0,
          "valid_positive_count": 18
        },
        "tunnel": {
          "f1": 0.0,
          "pr_auc": 0.625,
          "recall": 0.0,
          "valid_positive_count": 2
        }
      },
      "threshold": 0.5,
      "valid_code_count": 3
    },
    {
      "best_epoch": 20,
      "early_stopping_monitor": null,
      "epochs_ran": 20,
      "fold": 3,
      "macro_f1": 0.5536616161616161,
      "macro_pr_auc": 0.6089445793698459,
      "macro_recall": 0.9074074074074074,
      "per_code": {
        "blur": {
          "f1": 0.6666666666666666,
          "pr_auc": 0.8203588516746411,
          "recall": 1.0,
          "valid_positive_count": 10
        },
        "flash": {
          "f1": 0.8125,
          "pr_auc": 0.8530657955258057,
          "recall": 0.7222222222222222,
          "valid_positive_count": 18
        },
        "tunnel": {
          "f1": 0.18181818181818182,
          "pr_auc": 0.1534090909090909,
          "recall": 1.0,
          "valid_positive_count": 2
        }
      },
      "threshold": 0.5,
      "valid_code_count": 3
    },
    {
      "best_epoch": 20,
      "early_stopping_monitor": null,
      "epochs_ran": 20,
      "fold": 4,
      "macro_f1": 0.4877492877492878,
      "macro_pr_auc": 0.6809357309357308,
      "macro_recall": 0.7272727272727272,
      "per_code": {
        "blur": {
          "f1": 0.26666666666666666,
          "pr_auc": 0.6261405261405261,
          "recall": 0.18181818181818182,
          "valid_positive_count": 11
        },
        "flash": {
          "f1": 0.9743589743589743,
          "pr_auc": 0.9999999999999998,
          "recall": 1.0,
          "valid_positive_count": 19
        },
        "tunnel": {
          "f1": 0.2222222222222222,
          "pr_auc": 0.41666666666666663,
          "recall": 1.0,
          "valid_positive_count": 2
        }
      },
      "threshold": 0.5,
      "valid_code_count": 3
    }
  ],
  "fold_scheme": "weld_independent",
  "mode": "window_mil",
  "run_folds": [
    0,
    1,
    2,
    3,
    4
  ],
  "sample_count": 101
}
runs=1 ok=True
OK /home/user/PROJECT/MMDII/MMDII-Core/outputs/time-frequency-v0-2-1/seed-17-stft_256-separable_cnn2d-topk_mean samples=101
{
  "aggregator": "gated_attention",
  "completed_fold_count": 5,
  "fold_count": 5,
  "fold_metrics": [
    {
      "best_epoch": 20,
      "early_stopping_monitor": null,
      "epochs_ran": 20,
      "fold": 0,
      "macro_f1": 0.4615384615384615,
      "macro_pr_auc": 0.6299051166698225,
      "macro_recall": 0.4511784511784511,
      "per_code": {
        "blur": {
          "f1": 0.7692307692307693,
          "pr_auc": 0.8103035853035854,
          "recall": 0.9090909090909091,
          "valid_positive_count": 11
        },
        "flash": {
          "f1": 0.6153846153846154,
          "pr_auc": 1.0,
          "recall": 0.4444444444444444,
          "valid_positive_count": 18
        },
        "tunnel": {
          "f1": 0.0,
          "pr_auc": 0.07941176470588235,
          "recall": 0.0,
          "valid_positive_count": 2
        }
      },
      "threshold": 0.5,
      "valid_code_count": 3
    },
    {
      "best_epoch": 20,
      "early_stopping_monitor": null,
      "epochs_ran": 20,
      "fold": 1,
      "macro_f1": 0.24881291547958215,
      "macro_pr_auc": 0.6193947135640959,
      "macro_recall": 0.17368421052631577,
      "per_code": {
        "blur": {
          "f1": 0.15384615384615385,
          "pr_auc": 0.5301633986928105,
          "recall": 0.1,
          "valid_positive_count": 10
        },
        "flash": {
          "f1": 0.5925925925925926,
          "pr_auc": 0.9780207419994773,
          "recall": 0.42105263157894735,
          "valid_positive_count": 19
        },
        "tunnel": {
          "f1": 0.0,
          "pr_auc": 0.35,
          "recall": 0.0,
          "valid_positive_count": 2
        }
      },
      "threshold": 0.5,
      "valid_code_count": 3
    },
    {
      "best_epoch": 20,
      "early_stopping_monitor": null,
      "epochs_ran": 20,
      "fold": 2,
      "macro_f1": 0.3682983682983683,
      "macro_pr_auc": 0.653609264709235,
      "macro_recall": 0.6666666666666666,
      "per_code": {
        "blur": {
          "f1": 0.0,
          "pr_auc": 0.845854264570842,
          "recall": 0.0,
          "valid_positive_count": 11
        },
        "flash": {
          "f1": 0.9230769230769231,
          "pr_auc": 0.9407311053144387,
          "recall": 1.0,
          "valid_positive_count": 18
        },
        "tunnel": {
          "f1": 0.18181818181818182,
          "pr_auc": 0.17424242424242425,
          "recall": 1.0,
          "valid_positive_count": 2
        }
      },
      "threshold": 0.5,
      "valid_code_count": 3
    },
    {
      "best_epoch": 20,
      "early_stopping_monitor": null,
      "epochs_ran": 20,
      "fold": 3,
      "macro_f1": 0.6015037593984962,
      "macro_pr_auc": 0.6082212379378702,
      "macro_recall": 1.0,
      "per_code": {
        "blur": {
          "f1": 0.6666666666666666,
          "pr_auc": 0.7366067317615305,
          "recall": 1.0,
          "valid_positive_count": 10
        },
        "flash": {
          "f1": 0.9473684210526315,
          "pr_auc": 0.9769458709409691,
          "recall": 1.0,
          "valid_positive_count": 18
        },
        "tunnel": {
          "f1": 0.19047619047619047,
          "pr_auc": 0.1111111111111111,
          "recall": 1.0,
          "valid_positive_count": 2
        }
      },
      "threshold": 0.5,
      "valid_code_count": 3
    },
    {
      "best_epoch": 20,
      "early_stopping_monitor": null,
      "epochs_ran": 20,
      "fold": 4,
      "macro_f1": 0.5277777777777778,
      "macro_pr_auc": 0.5528554506358659,
      "macro_recall": 0.7480063795853269,
      "per_code": {
        "blur": {
          "f1": 0.47619047619047616,
          "pr_auc": 0.5271608367865053,
          "recall": 0.45454545454545453,
          "valid_positive_count": 11
        },
        "flash": {
          "f1": 0.8571428571428571,
          "pr_auc": 0.9202944040099814,
          "recall": 0.7894736842105263,
          "valid_positive_count": 19
        },
        "tunnel": {
          "f1": 0.25,
          "pr_auc": 0.2111111111111111,
          "recall": 1.0,
          "valid_positive_count": 2
        }
      },
      "threshold": 0.5,
      "valid_code_count": 3
    }
  ],
  "fold_scheme": "weld_independent",
  "mode": "window_mil",
  "run_folds": [
    0,
    1,
    2,
    3,
    4
  ],
  "sample_count": 101
}
runs=1 ok=True
OK /home/user/PROJECT/MMDII/MMDII-Core/outputs/time-frequency-v0-2-1/seed-17-stft_256-separable_cnn2d-gated_attention samples=101
{
  "aggregator": "mean",
  "completed_fold_count": 5,
  "fold_count": 5,
  "fold_metrics": [
    {
      "best_epoch": 20,
      "early_stopping_monitor": null,
      "epochs_ran": 20,
      "fold": 0,
      "macro_f1": 0.4351851851851852,
      "macro_pr_auc": 0.6304829561447599,
      "macro_recall": 0.3737373737373737,
      "per_code": {
        "blur": {
          "f1": 0.5555555555555556,
          "pr_auc": 0.7969404333040697,
          "recall": 0.45454545454545453,
          "valid_positive_count": 11
        },
        "flash": {
          "f1": 0.75,
          "pr_auc": 0.9535993442211192,
          "recall": 0.6666666666666666,
          "valid_positive_count": 18
        },
        "tunnel": {
          "f1": 0.0,
          "pr_auc": 0.14090909090909093,
          "recall": 0.0,
          "valid_positive_count": 2
        }
      },
      "threshold": 0.5,
      "valid_code_count": 3
    },
    {
      "best_epoch": 20,
      "early_stopping_monitor": null,
      "epochs_ran": 20,
      "fold": 1,
      "macro_f1": 0.49615975422427033,
      "macro_pr_auc": 0.6795808966861597,
      "macro_recall": 0.543859649122807,
      "per_code": {
        "blur": {
          "f1": 0.7142857142857143,
          "pr_auc": 0.861111111111111,
          "recall": 1.0,
          "valid_positive_count": 10
        },
        "flash": {
          "f1": 0.7741935483870968,
          "pr_auc": 0.9999999999999998,
          "recall": 0.631578947368421,
          "valid_positive_count": 19
        },
        "tunnel": {
          "f1": 0.0,
          "pr_auc": 0.17763157894736842,
          "recall": 0.0,
          "valid_positive_count": 2
        }
      },
      "threshold": 0.5,
      "valid_code_count": 3
    },
    {
      "best_epoch": 20,
      "early_stopping_monitor": null,
      "epochs_ran": 20,
      "fold": 2,
      "macro_f1": 0.5890841184958832,
      "macro_pr_auc": 0.6630489124480902,
      "macro_recall": 0.6683501683501684,
      "per_code": {
        "blur": {
          "f1": 0.7619047619047619,
          "pr_auc": 0.9056738715829626,
          "recall": 0.7272727272727273,
          "valid_positive_count": 11
        },
        "flash": {
          "f1": 0.8235294117647058,
          "pr_auc": 0.9209728657613075,
          "recall": 0.7777777777777778,
          "valid_positive_count": 18
        },
        "tunnel": {
          "f1": 0.18181818181818182,
          "pr_auc": 0.1625,
          "recall": 0.5,
          "valid_positive_count": 2
        }
      },
      "threshold": 0.5,
      "valid_code_count": 3
    },
    {
      "best_epoch": 20,
      "early_stopping_monitor": null,
      "epochs_ran": 20,
      "fold": 3,
      "macro_f1": 0.503030303030303,
      "macro_pr_auc": 0.6536651457704089,
      "macro_recall": 0.5444444444444444,
      "per_code": {
        "blur": {
          "f1": 0.4,
          "pr_auc": 0.6832176595334489,
          "recall": 0.3,
          "valid_positive_count": 10
        },
        "flash": {
          "f1": 0.9090909090909091,
          "pr_auc": 1.0,
          "recall": 0.8333333333333334,
          "valid_positive_count": 18
        },
        "tunnel": {
          "f1": 0.2,
          "pr_auc": 0.2777777777777778,
          "recall": 0.5,
          "valid_positive_count": 2
        }
      },
      "threshold": 0.5,
      "valid_code_count": 3
    },
    {
      "best_epoch": 20,
      "early_stopping_monitor": null,
      "epochs_ran": 20,
      "fold": 4,
      "macro_f1": 0.7111111111111111,
      "macro_pr_auc": 0.6892308312309202,
      "macro_recall": 0.9170653907496013,
      "per_code": {
        "blur": {
          "f1": 0.8,
          "pr_auc": 0.8145464384100749,
          "recall": 0.9090909090909091,
          "valid_positive_count": 11
        },
        "flash": {
          "f1": 0.8888888888888888,
          "pr_auc": 0.9852889124255426,
          "recall": 0.8421052631578947,
          "valid_positive_count": 19
        },
        "tunnel": {
          "f1": 0.4444444444444444,
          "pr_auc": 0.26785714285714285,
          "recall": 1.0,
          "valid_positive_count": 2
        }
      },
      "threshold": 0.5,
      "valid_code_count": 3
    }
  ],
  "fold_scheme": "weld_independent",
  "mode": "window_mil",
  "run_folds": [
    0,
    1,
    2,
    3,
    4
  ],
  "sample_count": 101
}
runs=1 ok=True
OK /home/user/PROJECT/MMDII/MMDII-Core/outputs/time-frequency-v0-2-1/seed-17-stft_256-resnet2d_small-mean samples=101
{
  "aggregator": "max",
  "completed_fold_count": 5,
  "fold_count": 5,
  "fold_metrics": [
    {
      "best_epoch": 20,
      "early_stopping_monitor": null,
      "epochs_ran": 20,
      "fold": 0,
      "macro_f1": 0.16666666666666666,
      "macro_pr_auc": 0.6014255662733475,
      "macro_recall": 0.12121212121212122,
      "per_code": {
        "blur": {
          "f1": 0.5,
          "pr_auc": 0.8098845598845599,
          "recall": 0.36363636363636365,
          "valid_positive_count": 11
        },
        "flash": {
          "f1": 0.0,
          "pr_auc": 0.9022352761903847,
          "recall": 0.0,
          "valid_positive_count": 18
        },
        "tunnel": {
          "f1": 0.0,
          "pr_auc": 0.09215686274509804,
          "recall": 0.0,
          "valid_positive_count": 2
        }
      },
      "threshold": 0.5,
      "valid_code_count": 3
    },
    {
      "best_epoch": 20,
      "early_stopping_monitor": null,
      "epochs_ran": 20,
      "fold": 1,
      "macro_f1": 0.2222222222222222,
      "macro_pr_auc": 0.5670277547575087,
      "macro_recall": 0.2333333333333333,
      "per_code": {
        "blur": {
          "f1": 0.6666666666666666,
          "pr_auc": 0.5706384843226948,
          "recall": 0.7,
          "valid_positive_count": 10
        },
        "flash": {
          "f1": 0.0,
          "pr_auc": 0.9471114466164978,
          "recall": 0.0,
          "valid_positive_count": 19
        },
        "tunnel": {
          "f1": 0.0,
          "pr_auc": 0.18333333333333335,
          "recall": 0.0,
          "valid_positive_count": 2
        }
      },
      "threshold": 0.5,
      "valid_code_count": 3
    },
    {
      "best_epoch": 20,
      "early_stopping_monitor": null,
      "epochs_ran": 20,
      "fold": 2,
      "macro_f1": 0.2318840579710145,
      "macro_pr_auc": 0.6166969289815398,
      "macro_recall": 0.24242424242424243,
      "per_code": {
        "blur": {
          "f1": 0.6956521739130435,
          "pr_auc": 0.8004771743408108,
          "recall": 0.7272727272727273,
          "valid_positive_count": 11
        },
        "flash": {
          "f1": 0.0,
          "pr_auc": 0.92082573381593,
          "recall": 0.0,
          "valid_positive_count": 18
        },
        "tunnel": {
          "f1": 0.0,
          "pr_auc": 0.12878787878787878,
          "recall": 0.0,
          "valid_positive_count": 2
        }
      },
      "threshold": 0.5,
      "valid_code_count": 3
    },
    {
      "best_epoch": 20,
      "early_stopping_monitor": null,
      "epochs_ran": 20,
      "fold": 3,
      "macro_f1": 0.5925925925925926,
      "macro_pr_auc": 0.5914830475236392,
      "macro_recall": 0.6296296296296297,
      "per_code": {
        "blur": {
          "f1": 0.5555555555555556,
          "pr_auc": 0.5911813186813187,
          "recall": 0.5,
          "valid_positive_count": 10
        },
        "flash": {
          "f1": 0.8888888888888888,
          "pr_auc": 0.9256920663138414,
          "recall": 0.8888888888888888,
          "valid_positive_count": 18
        },
        "tunnel": {
          "f1": 0.3333333333333333,
          "pr_auc": 0.25757575757575757,
          "recall": 0.5,
          "valid_positive_count": 2
        }
      },
      "threshold": 0.5,
      "valid_code_count": 3
    },
    {
      "best_epoch": 20,
      "early_stopping_monitor": null,
      "epochs_ran": 20,
      "fold": 4,
      "macro_f1": 0.5373808822084684,
      "macro_pr_auc": 0.6441700661940785,
      "macro_recall": 0.6275917065390749,
      "per_code": {
        "blur": {
          "f1": 0.7692307692307693,
          "pr_auc": 0.827138518047609,
          "recall": 0.9090909090909091,
          "valid_positive_count": 11
        },
        "flash": {
          "f1": 0.6206896551724138,
          "pr_auc": 0.959538347201293,
          "recall": 0.47368421052631576,
          "valid_positive_count": 19
        },
        "tunnel": {
          "f1": 0.2222222222222222,
          "pr_auc": 0.14583333333333331,
          "recall": 0.5,
          "valid_positive_count": 2
        }
      },
      "threshold": 0.5,
      "valid_code_count": 3
    }
  ],
  "fold_scheme": "weld_independent",
  "mode": "window_mil",
  "run_folds": [
    0,
    1,
    2,
    3,
    4
  ],
  "sample_count": 101
}
runs=1 ok=True
OK /home/user/PROJECT/MMDII/MMDII-Core/outputs/time-frequency-v0-2-1/seed-17-stft_256-resnet2d_small-max samples=101
{
  "aggregator": "topk_mean",
  "completed_fold_count": 5,
  "fold_count": 5,
  "fold_metrics": [
    {
      "best_epoch": 20,
      "early_stopping_monitor": null,
      "epochs_ran": 20,
      "fold": 0,
      "macro_f1": 0.41742286751361163,
      "macro_pr_auc": 0.6271099309283005,
      "macro_recall": 0.34848484848484845,
      "per_code": {
        "blur": {
          "f1": 0.631578947368421,
          "pr_auc": 0.8314754689754691,
          "recall": 0.5454545454545454,
          "valid_positive_count": 11
        },
        "flash": {
          "f1": 0.6206896551724138,
          "pr_auc": 0.841520990476099,
          "recall": 0.5,
          "valid_positive_count": 18
        },
        "tunnel": {
          "f1": 0.0,
          "pr_auc": 0.20833333333333331,
          "recall": 0.0,
          "valid_positive_count": 2
        }
      },
      "threshold": 0.5,
      "valid_code_count": 3
    },
    {
      "best_epoch": 20,
      "early_stopping_monitor": null,
      "epochs_ran": 20,
      "fold": 1,
      "macro_f1": 0.42124542124542125,
      "macro_pr_auc": 0.6014767706538929,
      "macro_recall": 0.44035087719298244,
      "per_code": {
        "blur": {
          "f1": 0.6923076923076923,
          "pr_auc": 0.7614285714285713,
          "recall": 0.9,
          "valid_positive_count": 10
        },
        "flash": {
          "f1": 0.5714285714285714,
          "pr_auc": 0.8895926496240167,
          "recall": 0.42105263157894735,
          "valid_positive_count": 19
        },
        "tunnel": {
          "f1": 0.0,
          "pr_auc": 0.1534090909090909,
          "recall": 0.0,
          "valid_positive_count": 2
        }
      },
      "threshold": 0.5,
      "valid_code_count": 3
    },
    {
      "best_epoch": 20,
      "early_stopping_monitor": null,
      "epochs_ran": 20,
      "fold": 2,
      "macro_f1": 0.46565656565656566,
      "macro_pr_auc": 0.8588160855726216,
      "macro_recall": 0.36195286195286197,
      "per_code": {
        "blur": {
          "f1": 0.5333333333333333,
          "pr_auc": 0.8689382512911925,
          "recall": 0.36363636363636365,
          "valid_positive_count": 11
        },
        "flash": {
          "f1": 0.36363636363636365,
          "pr_auc": 0.9575100054266723,
          "recall": 0.2222222222222222,
          "valid_positive_count": 18
        },
        "tunnel": {
          "f1": 0.5,
          "pr_auc": 0.75,
          "recall": 0.5,
          "valid_positive_count": 2
        }
      },
      "threshold": 0.5,
      "valid_code_count": 3
    },
    {
      "best_epoch": 20,
      "early_stopping_monitor": null,
      "epochs_ran": 20,
      "fold": 3,
      "macro_f1": 0.5671296296296297,
      "macro_pr_auc": 0.6243479454809865,
      "macro_recall": 0.6407407407407407,
      "per_code": {
        "blur": {
          "f1": 0.6666666666666666,
          "pr_auc": 0.6017997198879552,
          "recall": 0.7,
          "valid_positive_count": 10
        },
        "flash": {
          "f1": 0.8125,
          "pr_auc": 0.9795774498883376,
          "recall": 0.7222222222222222,
          "valid_positive_count": 18
        },
        "tunnel": {
          "f1": 0.2222222222222222,
          "pr_auc": 0.29166666666666663,
          "recall": 0.5,
          "valid_positive_count": 2
        }
      },
      "threshold": 0.5,
      "valid_code_count": 3
    },
    {
      "best_epoch": 20,
      "early_stopping_monitor": null,
      "epochs_ran": 20,
      "fold": 4,
      "macro_f1": 0.5462962962962963,
      "macro_pr_auc": 0.6191143635912325,
      "macro_recall": 0.5534290271132377,
      "per_code": {
        "blur": {
          "f1": 0.75,
          "pr_auc": 0.7490702479338843,
          "recall": 0.8181818181818182,
          "valid_positive_count": 11
        },
        "flash": {
          "f1": 0.8888888888888888,
          "pr_auc": 0.9780207419994773,
          "recall": 0.8421052631578947,
          "valid_positive_count": 19
        },
        "tunnel": {
          "f1": 0.0,
          "pr_auc": 0.13025210084033612,
          "recall": 0.0,
          "valid_positive_count": 2
        }
      },
      "threshold": 0.5,
      "valid_code_count": 3
    }
  ],
  "fold_scheme": "weld_independent",
  "mode": "window_mil",
  "run_folds": [
    0,
    1,
    2,
    3,
    4
  ],
  "sample_count": 101
}
runs=1 ok=True
OK /home/user/PROJECT/MMDII/MMDII-Core/outputs/time-frequency-v0-2-1/seed-17-stft_256-resnet2d_small-topk_mean samples=101
{
  "aggregator": "gated_attention",
  "completed_fold_count": 5,
  "fold_count": 5,
  "fold_metrics": [
    {
      "best_epoch": 20,
      "early_stopping_monitor": null,
      "epochs_ran": 20,
      "fold": 0,
      "macro_f1": 0.4862068965517241,
      "macro_pr_auc": 0.6516927074343342,
      "macro_recall": 0.4158249158249158,
      "per_code": {
        "blur": {
          "f1": 0.7,
          "pr_auc": 0.8569919979010887,
          "recall": 0.6363636363636364,
          "valid_positive_count": 11
        },
        "flash": {
          "f1": 0.7586206896551724,
          "pr_auc": 1.0,
          "recall": 0.6111111111111112,
          "valid_positive_count": 18
        },
        "tunnel": {
          "f1": 0.0,
          "pr_auc": 0.09808612440191387,
          "recall": 0.0,
          "valid_positive_count": 2
        }
      },
      "threshold": 0.5,
      "valid_code_count": 3
    },
    {
      "best_epoch": 20,
      "early_stopping_monitor": null,
      "epochs_ran": 20,
      "fold": 1,
      "macro_f1": 0.44761904761904764,
      "macro_pr_auc": 0.6843728414447007,
      "macro_recall": 0.39122807017543854,
      "per_code": {
        "blur": {
          "f1": 0.7,
          "pr_auc": 0.8880050505050504,
          "recall": 0.7,
          "valid_positive_count": 10
        },
        "flash": {
          "f1": 0.6428571428571429,
          "pr_auc": 0.981780140495718,
          "recall": 0.47368421052631576,
          "valid_positive_count": 19
        },
        "tunnel": {
          "f1": 0.0,
          "pr_auc": 0.18333333333333335,
          "recall": 0.0,
          "valid_positive_count": 2
        }
      },
      "threshold": 0.5,
      "valid_code_count": 3
    },
    {
      "best_epoch": 20,
      "early_stopping_monitor": null,
      "epochs_ran": 20,
      "fold": 2,
      "macro_f1": 0.5419657097288676,
      "macro_pr_auc": 0.6842328479256975,
      "macro_recall": 0.5892255892255892,
      "per_code": {
        "blur": {
          "f1": 0.631578947368421,
          "pr_auc": 0.7973788837425202,
          "recall": 0.5454545454545454,
          "valid_positive_count": 11
        },
        "flash": {
          "f1": 0.8125,
          "pr_auc": 0.9386529933679058,
          "recall": 0.7222222222222222,
          "valid_positive_count": 18
        },
        "tunnel": {
          "f1": 0.18181818181818182,
          "pr_auc": 0.31666666666666665,
          "recall": 0.5,
          "valid_positive_count": 2
        }
      },
      "threshold": 0.5,
      "valid_code_count": 3
    },
    {
      "best_epoch": 20,
      "early_stopping_monitor": null,
      "epochs_ran": 20,
      "fold": 3,
      "macro_f1": 0.7076978939724038,
      "macro_pr_auc": 0.7044380611266576,
      "macro_recall": 0.7777777777777778,
      "per_code": {
        "blur": {
          "f1": 0.7407407407407407,
          "pr_auc": 0.7163632119514471,
          "recall": 1.0,
          "valid_positive_count": 10
        },
        "flash": {
          "f1": 0.8823529411764706,
          "pr_auc": 0.9469509714285258,
          "recall": 0.8333333333333334,
          "valid_positive_count": 18
        },
        "tunnel": {
          "f1": 0.5,
          "pr_auc": 0.45,
          "recall": 0.5,
          "valid_positive_count": 2
        }
      },
      "threshold": 0.5,
      "valid_code_count": 3
    },
    {
      "best_epoch": 20,
      "early_stopping_monitor": null,
      "epochs_ran": 20,
      "fold": 4,
      "macro_f1": 0.5594356261022928,
      "macro_pr_auc": 0.6390438426714294,
      "macro_recall": 0.6100478468899522,
      "per_code": {
        "blur": {
          "f1": 0.8,
          "pr_auc": 0.6745522451404804,
          "recall": 0.9090909090909091,
          "valid_positive_count": 11
        },
        "flash": {
          "f1": 0.5925925925925926,
          "pr_auc": 0.9648015050960299,
          "recall": 0.42105263157894735,
          "valid_positive_count": 19
        },
        "tunnel": {
          "f1": 0.2857142857142857,
          "pr_auc": 0.2777777777777778,
          "recall": 0.5,
          "valid_positive_count": 2
        }
      },
      "threshold": 0.5,
      "valid_code_count": 3
    }
  ],
  "fold_scheme": "weld_independent",
  "mode": "window_mil",
  "run_folds": [
    0,
    1,
    2,
    3,
    4
  ],
  "sample_count": 101
}
runs=1 ok=True
OK /home/user/PROJECT/MMDII/MMDII-Core/outputs/time-frequency-v0-2-1/seed-17-stft_256-resnet2d_small-gated_attention samples=101
{
  "aggregator": "mean",
  "completed_fold_count": 5,
  "fold_count": 5,
  "fold_metrics": [
    {
      "best_epoch": 20,
      "early_stopping_monitor": null,
      "epochs_ran": 20,
      "fold": 0,
      "macro_f1": 0.4698924731182796,
      "macro_pr_auc": 0.5997594947840438,
      "macro_recall": 0.4158249158249158,
      "per_code": {
        "blur": {
          "f1": 0.7,
          "pr_auc": 0.7628540948059666,
          "recall": 0.6363636363636364,
          "valid_positive_count": 11
        },
        "flash": {
          "f1": 0.7096774193548387,
          "pr_auc": 0.9076365107582859,
          "recall": 0.6111111111111112,
          "valid_positive_count": 18
        },
        "tunnel": {
          "f1": 0.0,
          "pr_auc": 0.12878787878787878,
          "recall": 0.0,
          "valid_positive_count": 2
        }
      },
      "threshold": 0.5,
      "valid_code_count": 3
    },
    {
      "best_epoch": 20,
      "early_stopping_monitor": null,
      "epochs_ran": 20,
      "fold": 1,
      "macro_f1": 0.39610389610389607,
      "macro_pr_auc": 0.6023824997716963,
      "macro_recall": 0.35789473684210527,
      "per_code": {
        "blur": {
          "f1": 0.5454545454545454,
          "pr_auc": 0.6786205899363794,
          "recall": 0.6,
          "valid_positive_count": 10
        },
        "flash": {
          "f1": 0.6428571428571429,
          "pr_auc": 0.9945983379501384,
          "recall": 0.47368421052631576,
          "valid_positive_count": 19
        },
        "tunnel": {
          "f1": 0.0,
          "pr_auc": 0.13392857142857142,
          "recall": 0.0,
          "valid_positive_count": 2
        }
      },
      "threshold": 0.5,
      "valid_code_count": 3
    },
    {
      "best_epoch": 20,
      "early_stopping_monitor": null,
      "epochs_ran": 20,
      "fold": 2,
      "macro_f1": 0.6152882205513784,
      "macro_pr_auc": 0.7607339158627976,
      "macro_recall": 0.6818181818181818,
      "per_code": {
        "blur": {
          "f1": 0.631578947368421,
          "pr_auc": 0.7691132100223009,
          "recall": 0.5454545454545454,
          "valid_positive_count": 11
        },
        "flash": {
          "f1": 0.6428571428571429,
          "pr_auc": 0.9297552042327586,
          "recall": 0.5,
          "valid_positive_count": 18
        },
        "tunnel": {
          "f1": 0.5714285714285714,
          "pr_auc": 0.5833333333333333,
          "recall": 1.0,
          "valid_positive_count": 2
        }
      },
      "threshold": 0.5,
      "valid_code_count": 3
    },
    {
      "best_epoch": 20,
      "early_stopping_monitor": null,
      "epochs_ran": 20,
      "fold": 3,
      "macro_f1": 0.6673194934064499,
      "macro_pr_auc": 0.6530295597998557,
      "macro_recall": 0.9333333333333332,
      "per_code": {
        "blur": {
          "f1": 0.6956521739130435,
          "pr_auc": 0.674020424020424,
          "recall": 0.8,
          "valid_positive_count": 10
        },
        "flash": {
          "f1": 0.972972972972973,
          "pr_auc": 0.9600682553791431,
          "recall": 1.0,
          "valid_positive_count": 18
        },
        "tunnel": {
          "f1": 0.3333333333333333,
          "pr_auc": 0.325,
          "recall": 1.0,
          "valid_positive_count": 2
        }
      },
      "threshold": 0.5,
      "valid_code_count": 3
    },
    {
      "best_epoch": 20,
      "early_stopping_monitor": null,
      "epochs_ran": 20,
      "fold": 4,
      "macro_f1": 0.5674603174603174,
      "macro_pr_auc": 0.7019016078019217,
      "macro_recall": 0.6754385964912281,
      "per_code": {
        "blur": {
          "f1": 0.7857142857142857,
          "pr_auc": 0.842490619897037,
          "recall": 1.0,
          "valid_positive_count": 11
        },
        "flash": {
          "f1": 0.6666666666666666,
          "pr_auc": 0.9536903939849188,
          "recall": 0.5263157894736842,
          "valid_positive_count": 19
        },
        "tunnel": {
          "f1": 0.25,
          "pr_auc": 0.30952380952380953,
          "recall": 0.5,
          "valid_positive_count": 2
        }
      },
      "threshold": 0.5,
      "valid_code_count": 3
    }
  ],
  "fold_scheme": "weld_independent",
  "mode": "window_mil",
  "run_folds": [
    0,
    1,
    2,
    3,
    4
  ],
  "sample_count": 101
}
runs=1 ok=True
OK /home/user/PROJECT/MMDII/MMDII-Core/outputs/time-frequency-v0-2-1/seed-17-stft_256-convnext2d_lite-mean samples=101
{
  "aggregator": "max",
  "completed_fold_count": 5,
  "fold_count": 5,
  "fold_metrics": [
    {
      "best_epoch": 20,
      "early_stopping_monitor": null,
      "epochs_ran": 20,
      "fold": 0,
      "macro_f1": 0.45333333333333337,
      "macro_pr_auc": 0.6531147120693905,
      "macro_recall": 0.372053872053872,
      "per_code": {
        "blur": {
          "f1": 0.8,
          "pr_auc": 0.8353516366674263,
          "recall": 0.7272727272727273,
          "valid_positive_count": 11
        },
        "flash": {
          "f1": 0.56,
          "pr_auc": 0.9573258328740786,
          "recall": 0.3888888888888889,
          "valid_positive_count": 18
        },
        "tunnel": {
          "f1": 0.0,
          "pr_auc": 0.16666666666666666,
          "recall": 0.0,
          "valid_positive_count": 2
        }
      },
      "threshold": 0.5,
      "valid_code_count": 3
    },
    {
      "best_epoch": 20,
      "early_stopping_monitor": null,
      "epochs_ran": 20,
      "fold": 1,
      "macro_f1": 0.2718253968253968,
      "macro_pr_auc": 0.6372851727780845,
      "macro_recall": 0.20175438596491227,
      "per_code": {
        "blur": {
          "f1": 0.625,
          "pr_auc": 0.8541117216117216,
          "recall": 0.5,
          "valid_positive_count": 10
        },
        "flash": {
          "f1": 0.19047619047619047,
          "pr_auc": 0.9308207197994551,
          "recall": 0.10526315789473684,
          "valid_positive_count": 19
        },
        "tunnel": {
          "f1": 0.0,
          "pr_auc": 0.12692307692307692,
          "recall": 0.0,
          "valid_positive_count": 2
        }
      },
      "threshold": 0.5,
      "valid_code_count": 3
    },
    {
      "best_epoch": 20,
      "early_stopping_monitor": null,
      "epochs_ran": 20,
      "fold": 2,
      "macro_f1": 0.42911877394636017,
      "macro_pr_auc": 0.6224948483028511,
      "macro_recall": 0.4579124579124579,
      "per_code": {
        "blur": {
          "f1": 0.6206896551724138,
          "pr_auc": 0.7897201681890678,
          "recall": 0.8181818181818182,
          "valid_positive_count": 11
        },
        "flash": {
          "f1": 0.6666666666666666,
          "pr_auc": 0.8515739005290089,
          "recall": 0.5555555555555556,
          "valid_positive_count": 18
        },
        "tunnel": {
          "f1": 0.0,
          "pr_auc": 0.22619047619047616,
          "recall": 0.0,
          "valid_positive_count": 2
        }
      },
      "threshold": 0.5,
      "valid_code_count": 3
    },
    {
      "best_epoch": 20,
      "early_stopping_monitor": null,
      "epochs_ran": 20,
      "fold": 3,
      "macro_f1": 0.5533026113671274,
      "macro_pr_auc": 0.6043083494910981,
      "macro_recall": 0.5888888888888889,
      "per_code": {
        "blur": {
          "f1": 0.6,
          "pr_auc": 0.5883433233433234,
          "recall": 0.6,
          "valid_positive_count": 10
        },
        "flash": {
          "f1": 0.7741935483870968,
          "pr_auc": 0.9670059675542133,
          "recall": 0.6666666666666666,
          "valid_positive_count": 18
        },
        "tunnel": {
          "f1": 0.2857142857142857,
          "pr_auc": 0.25757575757575757,
          "recall": 0.5,
          "valid_positive_count": 2
        }
      },
      "threshold": 0.5,
      "valid_code_count": 3
    },
    {
      "best_epoch": 20,
      "early_stopping_monitor": null,
      "epochs_ran": 20,
      "fold": 4,
      "macro_f1": 0.5508383063370276,
      "macro_pr_auc": 0.687911602878199,
      "macro_recall": 0.6547049441786283,
      "per_code": {
        "blur": {
          "f1": 0.6956521739130435,
          "pr_auc": 0.7975444146496778,
          "recall": 0.7272727272727273,
          "valid_positive_count": 11
        },
        "flash": {
          "f1": 0.8235294117647058,
          "pr_auc": 0.9536903939849188,
          "recall": 0.7368421052631579,
          "valid_positive_count": 19
        },
        "tunnel": {
          "f1": 0.13333333333333333,
          "pr_auc": 0.3125,
          "recall": 0.5,
          "valid_positive_count": 2
        }
      },
      "threshold": 0.5,
      "valid_code_count": 3
    }
  ],
  "fold_scheme": "weld_independent",
  "mode": "window_mil",
  "run_folds": [
    0,
    1,
    2,
    3,
    4
  ],
  "sample_count": 101
}
runs=1 ok=True
OK /home/user/PROJECT/MMDII/MMDII-Core/outputs/time-frequency-v0-2-1/seed-17-stft_256-convnext2d_lite-max samples=101
{
  "aggregator": "topk_mean",
  "completed_fold_count": 5,
  "fold_count": 5,
  "fold_metrics": [
    {
      "best_epoch": 20,
      "early_stopping_monitor": null,
      "epochs_ran": 20,
      "fold": 0,
      "macro_f1": 0.32592592592592595,
      "macro_pr_auc": 0.6768735398938358,
      "macro_recall": 0.24915824915824913,
      "per_code": {
        "blur": {
          "f1": 0.7777777777777778,
          "pr_auc": 0.9343434343434345,
          "recall": 0.6363636363636364,
          "valid_positive_count": 11
        },
        "flash": {
          "f1": 0.2,
          "pr_auc": 0.9907216297825174,
          "recall": 0.1111111111111111,
          "valid_positive_count": 18
        },
        "tunnel": {
          "f1": 0.0,
          "pr_auc": 0.10555555555555556,
          "recall": 0.0,
          "valid_positive_count": 2
        }
      },
      "threshold": 0.5,
      "valid_code_count": 3
    },
    {
      "best_epoch": 20,
      "early_stopping_monitor": null,
      "epochs_ran": 20,
      "fold": 1,
      "macro_f1": 0.17460317460317457,
      "macro_pr_auc": 0.6428519640879099,
      "macro_recall": 0.10175438596491228,
      "per_code": {
        "blur": {
          "f1": 0.3333333333333333,
          "pr_auc": 0.8255984211866564,
          "recall": 0.2,
          "valid_positive_count": 10
        },
        "flash": {
          "f1": 0.19047619047619047,
          "pr_auc": 0.988578386109753,
          "recall": 0.10526315789473684,
          "valid_positive_count": 19
        },
        "tunnel": {
          "f1": 0.0,
          "pr_auc": 0.11437908496732026,
          "recall": 0.0,
          "valid_positive_count": 2
        }
      },
      "threshold": 0.5,
      "valid_code_count": 3
    },
    {
      "best_epoch": 20,
      "early_stopping_monitor": null,
      "epochs_ran": 20,
      "fold": 2,
      "macro_f1": 0.6590038314176244,
      "macro_pr_auc": 0.5965612917195303,
      "macro_recall": 0.8030303030303031,
      "per_code": {
        "blur": {
          "f1": 0.6896551724137931,
          "pr_auc": 0.528475935828877,
          "recall": 0.9090909090909091,
          "valid_positive_count": 11
        },
        "flash": {
          "f1": 0.6206896551724138,
          "pr_auc": 0.8445412726630477,
          "recall": 0.5,
          "valid_positive_count": 18
        },
        "tunnel": {
          "f1": 0.6666666666666666,
          "pr_auc": 0.41666666666666663,
          "recall": 1.0,
          "valid_positive_count": 2
        }
      },
      "threshold": 0.5,
      "valid_code_count": 3
    },
    {
      "best_epoch": 20,
      "early_stopping_monitor": null,
      "epochs_ran": 20,
      "fold": 3,
      "macro_f1": 0.5675883256528418,
      "macro_pr_auc": 0.5805039340445258,
      "macro_recall": 0.6555555555555556,
      "per_code": {
        "blur": {
          "f1": 0.7619047619047619,
          "pr_auc": 0.6307034632034634,
          "recall": 0.8,
          "valid_positive_count": 10
        },
        "flash": {
          "f1": 0.7741935483870968,
          "pr_auc": 0.9649750055967807,
          "recall": 0.6666666666666666,
          "valid_positive_count": 18
        },
        "tunnel": {
          "f1": 0.16666666666666666,
          "pr_auc": 0.14583333333333331,
          "recall": 0.5,
          "valid_positive_count": 2
        }
      },
      "threshold": 0.5,
      "valid_code_count": 3
    },
    {
      "best_epoch": 20,
      "early_stopping_monitor": null,
      "epochs_ran": 20,
      "fold": 4,
      "macro_f1": 0.36833536833536834,
      "macro_pr_auc": 0.6354071141894997,
      "macro_recall": 0.474481658692185,
      "per_code": {
        "blur": {
          "f1": 0.6923076923076923,
          "pr_auc": 0.7840890104047998,
          "recall": 0.8181818181818182,
          "valid_positive_count": 11
        },
        "flash": {
          "f1": 0.19047619047619047,
          "pr_auc": 0.9395926496240166,
          "recall": 0.10526315789473684,
          "valid_positive_count": 19
        },
        "tunnel": {
          "f1": 0.2222222222222222,
          "pr_auc": 0.18253968253968253,
          "recall": 0.5,
          "valid_positive_count": 2
        }
      },
      "threshold": 0.5,
      "valid_code_count": 3
    }
  ],
  "fold_scheme": "weld_independent",
  "mode": "window_mil",
  "run_folds": [
    0,
    1,
    2,
    3,
    4
  ],
  "sample_count": 101
}
runs=1 ok=True
OK /home/user/PROJECT/MMDII/MMDII-Core/outputs/time-frequency-v0-2-1/seed-17-stft_256-convnext2d_lite-topk_mean samples=101
{
  "aggregator": "gated_attention",
  "completed_fold_count": 5,
  "fold_count": 5,
  "fold_metrics": [
    {
      "best_epoch": 20,
      "early_stopping_monitor": null,
      "epochs_ran": 20,
      "fold": 0,
      "macro_f1": 0.5523486134691568,
      "macro_pr_auc": 0.6025952460481575,
      "macro_recall": 0.6666666666666666,
      "per_code": {
        "blur": {
          "f1": 0.7096774193548387,
          "pr_auc": 0.6942042805679169,
          "recall": 1.0,
          "valid_positive_count": 11
        },
        "flash": {
          "f1": 0.9473684210526315,
          "pr_auc": 0.9726723666674648,
          "recall": 1.0,
          "valid_positive_count": 18
        },
        "tunnel": {
          "f1": 0.0,
          "pr_auc": 0.14090909090909093,
          "recall": 0.0,
          "valid_positive_count": 2
        }
      },
      "threshold": 0.5,
      "valid_code_count": 3
    },
    {
      "best_epoch": 20,
      "early_stopping_monitor": null,
      "epochs_ran": 20,
      "fold": 1,
      "macro_f1": 0.5052790346907994,
      "macro_pr_auc": 0.6032531713544423,
      "macro_recall": 0.5456140350877193,
      "per_code": {
        "blur": {
          "f1": 0.6923076923076923,
          "pr_auc": 0.7065508021390374,
          "recall": 0.9,
          "valid_positive_count": 10
        },
        "flash": {
          "f1": 0.8235294117647058,
          "pr_auc": 0.981780140495718,
          "recall": 0.7368421052631579,
          "valid_positive_count": 19
        },
        "tunnel": {
          "f1": 0.0,
          "pr_auc": 0.12142857142857143,
          "recall": 0.0,
          "valid_positive_count": 2
        }
      },
      "threshold": 0.5,
      "valid_code_count": 3
    },
    {
      "best_epoch": 20,
      "early_stopping_monitor": null,
      "epochs_ran": 20,
      "fold": 2,
      "macro_f1": 0.5902777777777778,
      "macro_pr_auc": 0.7096276635058416,
      "macro_recall": 0.8888888888888888,
      "per_code": {
        "blur": {
          "f1": 0.6875,
          "pr_auc": 0.8090449954086318,
          "recall": 1.0,
          "valid_positive_count": 11
        },
        "flash": {
          "f1": 0.75,
          "pr_auc": 0.9269808522517502,
          "recall": 0.6666666666666666,
          "valid_positive_count": 18
        },
        "tunnel": {
          "f1": 0.3333333333333333,
          "pr_auc": 0.39285714285714285,
          "recall": 1.0,
          "valid_positive_count": 2
        }
      },
      "threshold": 0.5,
      "valid_code_count": 3
    },
    {
      "best_epoch": 20,
      "early_stopping_monitor": null,
      "epochs_ran": 20,
      "fold": 3,
      "macro_f1": 0.5499999999999999,
      "macro_pr_auc": 0.6058134801628955,
      "macro_recall": 0.5888888888888889,
      "per_code": {
        "blur": {
          "f1": 0.6,
          "pr_auc": 0.5468223443223443,
          "recall": 0.6,
          "valid_positive_count": 10
        },
        "flash": {
          "f1": 0.8,
          "pr_auc": 0.9789514294996753,
          "recall": 0.6666666666666666,
          "valid_positive_count": 18
        },
        "tunnel": {
          "f1": 0.25,
          "pr_auc": 0.29166666666666663,
          "recall": 0.5,
          "valid_positive_count": 2
        }
      },
      "threshold": 0.5,
      "valid_code_count": 3
    },
    {
      "best_epoch": 20,
      "early_stopping_monitor": null,
      "epochs_ran": 20,
      "fold": 4,
      "macro_f1": 0.4358974358974359,
      "macro_pr_auc": 0.6815788417853758,
      "macro_recall": 0.4258373205741626,
      "per_code": {
        "blur": {
          "f1": 0.7692307692307693,
          "pr_auc": 0.779097699685935,
          "recall": 0.9090909090909091,
          "valid_positive_count": 11
        },
        "flash": {
          "f1": 0.5384615384615384,
          "pr_auc": 0.973972159003526,
          "recall": 0.3684210526315789,
          "valid_positive_count": 19
        },
        "tunnel": {
          "f1": 0.0,
          "pr_auc": 0.29166666666666663,
          "recall": 0.0,
          "valid_positive_count": 2
        }
      },
      "threshold": 0.5,
      "valid_code_count": 3
    }
  ],
  "fold_scheme": "weld_independent",
  "mode": "window_mil",
  "run_folds": [
    0,
    1,
    2,
    3,
    4
  ],
  "sample_count": 101
}
runs=1 ok=True
OK /home/user/PROJECT/MMDII/MMDII-Core/outputs/time-frequency-v0-2-1/seed-17-stft_256-convnext2d_lite-gated_attention samples=101
/home/user/PROJECT/MMDII/MMDII-Core/scripts/run_time_frequency_suite.sh: line 25: 25447 Killed                  "$PYTHON" scripts/train_baseline.py "${args[@]}" 2>&1
     25448 Done                    | tee "$destination/train.log"
